PLAYER_ID,PLAYER_NAME,NICKNAME,TEAM_ID,TEAM_ABBREVIATION,AGE,GP,W,L,W_PCT,MIN,FGM,FGA,FG_PCT,FG3M,FG3A,FG3_PCT,FTM,FTA,FT_PCT,OREB,DREB,REB,AST,TOV,STL,BLK,BLKA,PF,PFD,PTS,PLUS_MINUS,NBA_FANTASY_PTS,DD2,TD3,WNBA_FANTASY_PTS,GP_RANK,W_RANK,L_RANK,W_PCT_RANK,MIN_RANK,FGM_RANK,FGA_RANK,FG_PCT_RANK,FG3M_RANK,FG3A_RANK,FG3_PCT_RANK,FTM_RANK,FTA_RANK,FT_PCT_RANK,OREB_RANK,DREB_RANK,REB_RANK,AST_RANK,TOV_RANK,STL_RANK,BLK_RANK,BLKA_RANK,PF_RANK,PFD_RANK,PTS_RANK,PLUS_MINUS_RANK,NBA_FANTASY_PTS_RANK,DD2_RANK,TD3_RANK,WNBA_FANTASY_PTS_RANK,TEAM_COUNT
1630639,A.J. Lawson,A.J.,1610612761,TOR,25.0,14,6,8,0.429,7.9,1.1,2.9,0.39,0.6,1.6,0.364,0.6,0.6,1.0,0.5,1.1,1.6,0.2,0.3,0.3,0.2,0.1,1.1,0.5,3.5,-2.2,7.0,0,0,6.9,461,445,440,366,491,464,449,471,358,383,200,378,420,1,370,449,448,547,501,465,333,447,429,435,443,413,472,252,28,469,1
1631260,AJ Green,AJ,1610612749,MIL,26.0,68,28,40,0.412,28.5,3.1,7.5,0.417,2.7,6.7,0.406,0.5,0.7,0.804,0.3,2.2,2.5,1.9,0.9,0.5,0.1,0.2,2.3,0.9,9.5,-1.2,16.1,0,0,17.7,60,186,45,375,117,245,215,414,29,40,76,400,407,216,466,290,346,243,301,383,476,408,126,342,214,343,290,252,28,251,1
1642358,AJ Johnson,AJ,1610612742,DAL,21.0,40,7,33,0.175,8.8,1.1,3.2,0.326,0.2,1.1,0.205,0.5,0.6,0.826,0.2,0.9,1.2,0.9,0.6,0.2,0.1,0.4,0.6,0.4,2.8,-0.7,5.8,0,0,5.6,331,432,96,526,476,472,427,532,443,430,466,421,438,166,491,481,495,404,385,489,490,215,524,468,477,311,498,252,28,489,2
203932,Aaron Gordon,Aaron,1610612743,DEN,30.0,31,22,9,0.71,27.5,5.6,11.2,0.501,1.8,4.3,0.41,3.6,4.7,0.762,1.5,4.5,5.9,2.5,1.1,0.6,0.3,0.4,1.6,3.5,16.6,7.5,29.0,4,0,28.5,384,248,428,68,134,97,111,148,111,142,69,51,46,299,108,83,78,178,242,313,304,247,302,59,82,14,111,102,28,109,1
1628988,Aaron Holiday,Aaron,1610612745,HOU,29.0,48,30,18,0.625,13.2,1.8,4.5,0.407,1.1,2.9,0.386,0.7,0.8,0.865,0.2,0.7,0.9,1.0,0.7,0.5,0.1,0.1,1.3,0.8,5.5,1.1,9.0,0,0,9.6,271,169,319,135,403,376,351,435,224,253,128,365,391,100,517,508,519,375,364,388,465,446,381,372,358,169,435,252,28,416,1
1630174,Aaron Nesmith,Aaron,1610612754,IND,26.0,45,10,35,0.222,29.7,4.7,11.4,0.414,2.3,6.2,0.379,2.0,2.5,0.829,1.1,3.1,4.2,1.9,1.4,0.6,0.5,0.8,2.8,2.6,13.8,-4.5,23.5,0,0,24.4,303,402,79,502,97,134,105,420,59,58,148,131,145,162,167,188,181,239,169,316,147,48,46,113,118,511,166,252,28,145,1
1630598,Aaron Wiggins,Aaron,1610612760,OKC,27.0,57,44,13,0.772,22.6,3.7,8.6,0.429,1.5,4.3,0.357,0.9,1.2,0.735,0.7,2.6,3.3,1.7,1.3,0.9,0.5,0.5,1.3,1.0,9.8,3.6,19.2,0,0,19.1,194,36,390,36,219,201,177,373,149,146,226,304,305,349,309,236,265,264,185,141,171,192,371,329,209,71,238,252,28,227,1
1642846,Ace Bailey,Ace,1610612762,UTA,19.0,64,18,46,0.281,27.1,5.3,11.9,0.445,1.9,5.4,0.359,1.0,1.2,0.782,1.5,2.6,4.1,1.8,1.4,0.9,0.6,0.4,2.7,1.1,13.4,-5.3,24.3,0,0,24.3,98,298,20,451,145,110,96,321,95,84,218,294,301,260,97,238,187,252,179,165,105,255,51,291,127,534,157,252,28,146,1
1641737,Adem Bona,Adem,1610612755,PHI,23.0,63,36,27,0.571,17.6,1.8,3.2,0.583,0.0,0.1,0.333,1.1,1.7,0.692,1.9,2.7,4.5,0.4,0.8,0.4,1.3,0.4,2.2,1.5,4.9,-0.3,15.2,1,0,13.3,110,105,183,200,320,375,430,60,486,510,285,247,225,409,73,233,159,511,335,401,26,239,140,232,383,274,316,183,28,340,1
1642876,Adou Thiero,Adou,1610612747,LAL,21.0,20,11,9,0.55,5.3,0.5,1.1,0.455,0.0,0.1,0.0,0.5,0.6,0.75,0.4,0.7,1.0,0.3,0.3,0.3,0.1,0.2,0.8,0.5,1.5,-0.3,3.9,0,0,3.5,433,395,428,235,530,535,547,280,497,520,497,427,432,318,439,525,505,534,511,476,451,442,480,463,536,275,534,252,28,540,1
1642349,Ajay Mitchell,Ajay,1610612760,OKC,23.0,50,43,7,0.86,26.1,5.2,10.7,0.488,1.1,3.2,0.342,2.6,2.9,0.877,0.7,2.8,3.5,3.6,1.5,1.3,0.3,0.4,2.1,2.8,14.1,8.4,26.9,1,0,25.4,254,42,457,11,161,113,125,185,234,230,262,95,111,85,302,223,244,102,144,47,279,218,184,88,113,10,133,183,28,130,1
201143,Al Horford,Al,1610612744,GSW,39.0,43,22,21,0.512,21.7,3.1,7.2,0.424,1.7,4.6,0.36,0.5,0.6,0.846,1.0,4.0,5.0,2.6,1.0,0.7,1.2,0.1,1.2,0.5,8.3,-0.2,22.8,0,0,21.3,315,248,273,282,242,250,230,388,129,128,216,407,430,126,176,113,129,172,279,247,30,455,411,454,253,271,177,252,28,194,1
1627936,Alex Caruso,Alex,1610612760,OKC,32.0,50,41,9,0.82,18.5,2.3,5.6,0.418,0.9,3.3,0.283,0.8,1.0,0.813,0.6,2.2,2.8,2.0,0.9,1.4,0.3,0.2,1.2,1.0,6.4,6.9,17.0,0,0,15.5,254,48,428,19,303,322,301,407,274,212,416,334,351,194,351,293,314,228,307,43,238,365,407,320,324,19,277,252,28,292,1
1631457,Alex Morales,Alex,1610612753,ORL,28.0,1,0,1,0.0,12.0,1.0,2.0,0.5,0.0,0.0,0.0,0.0,0.0,0.0,1.0,2.0,3.0,4.0,2.0,0.0,0.0,0.0,4.0,0.0,2.0,14.0,9.6,0,0,9.0,564,551,539,551,423,477,505,150,497,528,497,537,539,537,179,320,289,73,81,541,510,516,3,548,508,1,422,252,28,428,1
1642259,Alex Sarr,Alex,1610612764,WAS,20.0,47,11,36,0.234,27.3,6.7,13.7,0.485,1.0,3.1,0.336,2.1,3.1,0.694,2.2,5.2,7.4,2.7,1.7,0.8,2.0,1.3,2.1,2.6,16.5,-7.3,36.1,12,0,33.3,288,395,75,496,141,58,62,190,242,236,282,121,102,407,48,45,45,159,117,189,2,6,164,103,84,553,47,42,28,64,1
1642918,Alijah Martin,Alijah,1610612761,TOR,24.0,16,6,10,0.375,6.4,0.8,2.1,0.353,0.2,0.9,0.214,0.8,1.0,0.813,0.4,0.5,0.9,0.5,0.3,0.4,0.2,0.2,0.6,0.5,2.5,0.1,5.9,0,0,5.3,452,445,421,399,512,513,500,512,454,452,461,324,339,194,429,534,521,490,511,397,361,412,512,435,491,243,493,252,28,498,1
1631214,Alondes Williams,Alondes,1610612764,WAS,26.0,4,2,2,0.5,25.2,4.0,6.5,0.615,1.3,3.5,0.357,1.8,2.0,0.875,1.3,5.0,6.3,3.0,1.3,0.8,0.8,0.0,1.0,1.5,11.0,8.8,26.3,1,0,24.5,530,504,523,293,179,184,257,41,196,197,224,157,184,86,133,54,73,132,205,223,82,516,446,227,180,8,135,183,28,143,1
1630578,Alperen Sengun,Alperen,1610612745,HOU,23.0,64,39,25,0.609,33.6,8.1,15.8,0.516,0.5,1.7,0.279,3.7,5.4,0.682,3.0,6.0,8.9,6.2,3.3,1.2,1.1,0.9,3.2,5.2,20.4,2.1,44.1,31,4,40.6,98,65,216,156,27,23,38,120,388,360,419,50,39,419,21,27,20,27,12,63,36,40,20,17,37,112,13,9,6,21,1
1642873,Amari Williams,Amari,1610612738,BOS,24.0,19,13,6,0.684,6.3,0.4,0.9,0.471,0.0,0.0,0.0,0.4,0.6,0.667,0.4,1.2,1.6,0.4,0.4,0.1,0.5,0.1,0.8,0.6,1.3,-2.2,5.2,0,0,4.5,438,370,465,81,513,546,556,233,497,528,497,436,423,427,410,435,449,514,461,532,166,472,484,412,542,410,510,252,28,520,1
1641708,Amen Thompson,Amen,1610612745,HOU,23.0,71,42,29,0.592,37.3,6.9,13.2,0.524,0.4,1.5,0.229,3.8,4.8,0.779,3.0,4.8,7.9,5.2,2.5,1.5,0.6,0.9,2.3,3.6,17.9,3.9,39.0,19,0,35.5,26,44,146,181,2,51,74,107,413,391,456,45,45,270,19,65,35,44,47,31,108,41,125,53,64,63,35,21,28,44,1
1629599,Amir Coffey,Amir,1610612756,PHX,28.0,43,18,25,0.419,10.2,1.0,2.2,0.484,0.3,1.0,0.317,0.5,0.7,0.786,0.4,0.8,1.2,0.6,0.1,0.2,0.1,0.0,0.7,0.5,2.9,-0.9,6.0,0,0,5.6,315,298,216,372,458,473,497,191,425,446,347,407,417,250,411,499,487,477,535,502,436,507,507,454,472,321,491,252,28,492,2
1643158,Andersson Garcia,Andersson,1610612762,UTA,25.0,5,1,4,0.2,33.8,1.8,5.8,0.31,0.2,2.6,0.077,1.4,1.8,0.778,3.4,5.0,8.4,2.8,1.4,1.6,0.8,0.6,3.2,2.6,5.2,-7.4,25.3,0,0,21.4,516,525,490,516,26,380,286,540,448,281,495,201,210,272,10,54,29,149,169,20,75,122,22,107,371,556,147,252,28,192,1
203083,Andre Drummond,Andre,1610612755,PHI,32.0,55,28,27,0.509,19.7,2.6,5.4,0.472,0.5,1.5,0.346,0.9,1.4,0.627,3.2,5.3,8.5,1.1,1.0,0.6,0.8,0.3,2.0,1.3,6.5,-2.5,21.5,15,0,19.4,214,186,183,285,280,299,307,228,377,398,254,310,272,462,14,42,28,356,252,327,71,288,188,255,319,424,205,31,28,220,1
1641748,Andre Jackson Jr.,Andre,1610612749,MIL,24.0,39,10,29,0.256,6.6,0.5,1.7,0.279,0.2,1.0,0.211,0.3,0.4,0.75,0.5,0.7,1.2,0.9,0.5,0.3,0.1,0.1,0.8,0.4,1.5,-0.6,4.9,0,0,4.5,339,402,146,474,508,543,522,548,447,445,465,466,471,318,380,515,494,412,446,443,488,490,488,467,535,301,517,252,28,518,1
1629614,Andrew Nembhard,Andrew,1610612754,IND,26.0,56,12,44,0.214,31.2,5.8,13.2,0.441,1.9,5.2,0.362,3.4,4.2,0.824,0.4,2.4,2.8,7.6,2.4,0.9,0.1,0.7,2.2,3.3,17.0,-7.2,32.5,12,0,31.4,203,380,27,508,63,85,72,333,98,98,211,55,57,174,397,269,308,9,51,151,406,99,133,69,77,551,77,42,28,76,1
203952,Andrew Wiggins,Andrew,1610612748,MIA,31.0,60,31,29,0.517,30.5,5.9,12.4,0.477,2.0,4.9,0.405,1.9,2.4,0.787,1.7,3.3,5.0,2.7,1.5,1.1,1.0,0.6,2.3,1.8,15.6,0.3,30.6,2,0,29.6,154,162,146,278,79,81,85,212,85,108,80,147,155,248,81,164,132,160,145,84,44,122,123,179,90,226,96,146,28,95,1
1629014,Anfernee Simons,Anfernee,1610612741,CHI,26.0,55,31,24,0.564,24.9,5.2,11.8,0.44,2.7,6.9,0.385,1.3,1.4,0.896,0.6,1.9,2.5,2.4,1.2,0.5,0.1,0.5,1.7,1.1,14.3,1.8,21.5,0,0,23.1,214,162,228,215,181,115,98,337,33,32,129,224,267,55,346,339,356,188,213,375,405,164,278,294,109,127,203,252,28,163,2
1641710,Anthony Black,Anthony,1610612753,ORL,22.0,60,33,27,0.55,30.7,5.5,12.3,0.451,1.6,4.7,0.339,2.6,3.6,0.73,0.7,3.1,3.9,3.8,2.1,1.4,0.7,0.9,2.7,2.9,15.3,0.1,29.9,2,0,28.8,154,138,183,235,76,101,87,298,131,118,267,90,80,357,287,182,203,82,75,34,96,43,57,81,97,241,104,146,28,106,1
203076,Anthony Davis,Anthony,1610612764,WAS,33.0,20,10,10,0.5,31.3,8.5,16.7,0.506,0.5,1.9,0.27,3.0,4.1,0.728,3.1,8.0,11.1,2.8,2.1,1.1,1.7,0.7,2.1,4.4,20.4,-2.5,44.0,13,0,40.2,433,402,421,293,62,20,25,136,378,349,426,75,65,358,17,7,8,149,78,94,10,82,165,33,41,425,14,37,28,23,1
1630162,Anthony Edwards,Anthony,1610612750,MIN,24.0,58,35,23,0.603,35.5,10.1,20.5,0.492,3.4,8.6,0.402,5.9,7.4,0.796,0.6,4.5,5.1,3.7,2.8,1.4,0.8,0.5,1.9,4.6,29.5,2.6,45.0,2,0,46.2,179,116,243,164,5,6,4,175,5,11,87,15,13,232,331,79,124,93,27,41,69,189,236,30,3,95,11,146,28,9,1
1630264,Anthony Gill,Anthony,1610612764,WAS,33.0,45,6,39,0.133,14.3,1.9,3.2,0.59,0.2,0.8,0.286,0.4,0.5,0.75,1.0,1.6,2.7,1.1,0.7,0.5,0.4,0.3,1.4,0.7,4.4,-3.0,11.1,0,0,10.1,303,445,51,539,380,371,428,57,445,457,410,437,447,318,172,376,324,365,363,353,234,297,344,397,402,452,393,252,28,398,1
1641810,Antonio Reeves,Antonio,1610612766,CHA,25.0,9,3,6,0.333,7.3,1.1,2.2,0.5,0.8,1.4,0.538,0.0,0.0,0.0,0.2,0.7,0.9,0.2,0.1,0.1,0.0,0.1,0.3,0.0,3.0,3.0,4.6,0,0,5.1,486,484,465,421,498,468,492,150,302,402,13,537,539,537,493,515,520,545,537,530,510,470,546,548,461,86,522,252,28,503,1
1630574,Ariel Hukporti,Ariel,1610612752,NYK,23.0,49,32,17,0.653,8.8,0.7,1.2,0.55,0.0,0.1,0.25,0.4,0.6,0.75,0.9,1.8,2.8,0.5,0.6,0.2,0.5,0.1,1.2,0.6,1.8,0.3,7.2,0,0,6.3,261,154,337,109,475,524,541,83,491,513,437,433,440,318,201,352,315,506,399,515,167,466,403,429,526,224,470,252,28,479,1
1642854,Asa Newell,Asa,1610612737,ATL,20.0,40,20,20,0.5,11.1,2.0,3.7,0.537,0.7,1.7,0.391,0.4,0.6,0.56,0.9,1.1,2.0,0.5,0.5,0.4,0.3,0.3,1.6,0.7,5.0,-0.8,9.8,1,0,9.6,331,280,285,293,436,355,394,93,328,362,110,447,424,496,205,455,392,490,425,424,253,309,321,390,378,315,419,183,28,415,1
1641709,Ausar Thompson,Ausar,1610612765,DET,23.0,64,46,18,0.719,26.0,4.2,8.1,0.517,0.1,0.4,0.261,1.6,2.7,0.575,2.1,3.7,5.7,2.9,1.5,2.0,0.9,0.6,2.7,2.2,10.1,4.6,28.4,3,0,24.5,98,21,319,62,168,169,190,117,475,490,434,182,125,489,54,133,86,140,156,6,57,110,49,143,200,47,115,117,28,141,1
1630559,Austin Reaves,Austin,1610612747,LAL,27.0,47,33,14,0.702,34.7,7.5,15.2,0.492,2.3,6.5,0.361,6.3,7.2,0.871,0.7,4.0,4.7,5.6,2.9,1.1,0.4,0.7,2.2,5.4,23.6,3.6,39.2,6,0,39.1,288,138,379,72,15,33,45,174,57,48,214,10,14,94,318,108,154,35,25,92,203,73,137,14,24,72,34,78,28,28,1
1630245,Ayo Dosunmu,Ayo,1610612750,MIN,26.0,63,33,30,0.524,26.8,5.5,10.6,0.517,1.8,4.1,0.445,1.8,2.0,0.86,0.7,2.6,3.2,3.5,1.3,0.8,0.3,0.8,1.9,1.4,14.5,-1.3,25.5,1,0,25.2,110,138,130,270,151,103,127,118,104,164,31,155,180,106,309,247,271,103,191,213,309,55,230,237,106,353,144,183,28,135,2
1628389,Bam Adebayo,Bam,1610612748,MIA,28.0,65,33,32,0.508,32.1,7.0,15.9,0.439,1.7,5.5,0.313,4.5,5.8,0.777,2.1,7.8,9.9,3.0,1.7,1.2,0.7,0.5,1.7,4.6,20.2,4.6,40.4,29,0,38.4,87,138,105,289,51,48,37,341,120,79,361,36,31,275,55,8,15,137,125,76,97,157,270,29,43,49,28,11,28,33,1
1631248,Baylor Scheierman,Baylor,1610612738,BOS,25.0,68,47,21,0.691,17.9,1.8,3.9,0.453,1.1,2.9,0.385,0.2,0.3,0.889,0.8,2.8,3.6,1.4,0.5,0.5,0.1,0.1,1.4,0.8,4.9,2.4,12.6,4,0,12.2,60,16,273,78,314,383,383,288,228,258,133,488,505,66,269,217,234,317,416,343,476,501,369,364,382,107,364,102,28,360,1
1642879,Ben Saraf,Ben,1610612751,BKN,19.0,36,8,28,0.222,19.3,2.3,6.0,0.387,0.4,1.9,0.214,1.5,1.9,0.806,0.3,1.4,1.7,3.2,2.2,0.9,0.1,0.9,1.7,1.5,6.6,-3.9,14.3,0,0,13.9,358,420,162,502,290,325,278,478,400,339,461,189,204,214,461,413,440,128,68,160,410,39,282,223,317,494,331,252,28,330,1
1641767,Ben Sheppard,Ben,1610612754,IND,24.0,62,14,48,0.226,21.3,2.5,5.9,0.433,1.3,3.6,0.365,0.6,0.8,0.755,0.7,2.3,3.0,1.7,0.6,0.6,0.1,0.4,1.8,0.7,7.0,-4.5,14.6,0,0,14.4,131,356,10,500,247,300,285,359,190,190,196,391,388,312,304,271,285,266,377,313,467,258,248,400,296,513,326,252,28,319,1
1631097,Bennedict Mathurin,Bennedict,1610612746,LAC,23.0,46,18,28,0.391,31.0,5.7,13.3,0.432,1.5,4.8,0.32,5.6,6.4,0.865,1.0,4.6,5.6,2.3,2.2,0.8,0.3,0.6,2.7,4.6,18.6,-2.5,29.7,3,0,30.1,297,298,162,390,68,89,69,364,145,113,340,18,19,100,179,74,96,200,67,208,300,131,50,28,59,425,107,117,28,90,2
1643016,Bez Mbeng,Bez,1610612762,UTA,22.0,7,1,6,0.143,34.5,2.1,5.1,0.417,0.3,2.1,0.133,0.9,1.3,0.667,1.4,2.6,4.0,4.0,1.6,1.7,0.6,0.1,3.6,1.9,5.4,-13.4,21.5,0,0,18.3,492,525,465,534,16,349,323,411,431,317,487,307,286,427,113,241,193,73,137,11,121,447,6,178,361,571,204,252,28,243,1
1641731,Bilal Coulibaly,Bilal,1610612764,WAS,21.0,50,14,36,0.28,26.7,3.9,9.2,0.42,1.1,3.6,0.317,2.4,3.2,0.753,0.8,3.6,4.4,2.7,1.5,1.4,0.9,0.5,2.5,2.3,11.3,-6.1,26.1,0,0,24.2,254,356,75,453,152,189,155,401,219,188,350,105,100,315,250,140,168,166,147,37,51,148,76,130,173,541,137,252,28,150,1
202687,Bismack Biyombo,Bismack,1610612759,SAS,33.0,23,19,4,0.826,5.8,0.3,0.6,0.571,0.0,0.0,0.0,0.2,0.3,0.714,0.2,0.8,1.0,0.2,0.3,0.2,0.0,0.1,1.1,0.3,0.9,-3.7,2.8,0,0,2.6,422,290,490,18,526,552,563,66,497,528,497,491,497,377,496,493,501,546,497,506,497,484,419,490,555,485,555,252,28,553,1
1642396,Blake Hinson,Blake,1610612762,UTA,26.0,11,3,8,0.273,19.4,3.6,7.0,0.519,2.6,5.2,0.509,0.7,1.1,0.667,0.7,1.5,2.2,0.8,0.2,0.1,0.2,0.3,1.9,1.0,10.6,1.8,15.1,0,0,16.8,469,484,440,458,286,206,235,111,34,97,14,348,323,427,290,401,381,423,529,536,366,330,229,320,188,125,321,252,28,264,1
1631104,Blake Wesley,Blake,1610612757,POR,23.0,26,16,10,0.615,13.1,2.0,4.3,0.46,0.4,1.3,0.303,0.9,1.6,0.585,0.3,1.0,1.3,2.4,1.1,0.6,0.2,0.3,1.2,1.6,5.3,-3.0,11.8,0,0,11.0,406,327,421,150,405,355,359,264,409,417,389,300,234,483,476,460,480,196,232,293,355,299,394,211,367,452,376,252,28,384,1
1626171,Bobby Portis,Bobby,1610612749,MIL,31.0,67,26,41,0.388,24.2,5.5,11.2,0.488,2.0,4.4,0.456,0.7,1.0,0.706,1.3,5.1,6.4,1.6,1.0,0.6,0.2,0.3,1.6,1.0,13.7,-4.0,25.1,11,0,25.2,70,207,41,391,192,104,110,184,77,137,28,354,338,388,125,53,67,285,271,295,373,287,293,318,123,498,149,47,28,134,1
1641752,Bobi Klintman,Bobi,1610612765,DET,23.0,12,8,4,0.667,5.9,0.8,2.3,0.333,0.3,1.1,0.308,0.0,0.3,0.0,0.4,1.2,1.6,0.5,0.5,0.3,0.0,0.3,0.9,0.4,1.8,-0.4,4.7,0,0,4.8,465,420,490,92,523,513,488,521,418,431,373,537,507,537,412,440,456,490,431,476,510,280,465,469,521,283,521,252,28,512,1
203992,Bogdan Bogdanović,Bogdan,1610612746,LAC,33.0,21,6,15,0.286,20.4,2.5,6.7,0.376,1.3,4.0,0.329,1.0,1.2,0.8,0.3,2.4,2.7,2.4,1.2,0.5,0.0,0.3,2.1,1.2,7.3,-1.7,14.5,0,0,14.8,428,445,360,447,263,301,243,491,180,165,315,295,306,222,469,266,324,189,211,382,492,280,167,273,283,374,328,252,28,310,1
1630538,Bones Hyland,Bones,1610612750,MIN,25.0,64,40,24,0.625,15.7,2.8,6.2,0.462,1.5,3.8,0.392,0.8,1.1,0.779,0.3,1.3,1.6,2.6,0.9,0.5,0.2,0.4,1.7,0.9,8.0,1.8,15.3,0,0,15.3,98,55,228,135,357,273,275,256,152,177,108,319,329,267,454,424,451,171,286,340,324,243,280,356,266,124,315,252,28,295,1
203078,Bradley Beal,Bradley,1610612746,LAC,32.0,6,2,4,0.333,20.2,3.0,8.0,0.375,1.2,3.2,0.368,1.0,1.3,0.75,0.3,0.5,0.8,1.7,1.5,0.5,0.0,0.2,2.3,1.8,8.2,-3.8,11.7,0,0,12.8,499,504,490,421,268,255,196,493,211,226,184,270,277,318,446,534,523,270,147,356,510,426,108,179,258,490,378,252,28,350,1
1642382,Branden Carlson,Branden,1610612760,OKC,26.0,36,28,8,0.778,10.5,1.9,3.8,0.519,0.6,1.7,0.339,0.3,0.5,0.529,0.7,1.9,2.6,0.6,0.4,0.2,0.5,0.2,0.9,0.3,4.7,0.7,10.3,1,0,9.8,358,186,440,32,451,366,393,114,352,363,268,479,457,502,309,334,335,471,479,508,150,376,474,491,387,190,406,183,28,405,1
1641764,Brandin Podziemski,Brandin,1610612744,GSW,23.0,73,35,38,0.479,28.4,4.6,10.3,0.446,1.8,4.9,0.362,2.1,2.7,0.769,1.0,4.3,5.2,3.8,1.6,1.1,0.2,0.4,1.7,2.6,13.1,0.4,27.2,4,0,26.4,7,116,58,335,119,145,132,319,112,110,209,126,123,287,197,95,116,86,131,96,356,249,266,100,135,218,127,102,28,123,1
1629634,Brandon Clarke,Brandon,1610612763,MEM,29.0,2,1,1,0.5,10.2,1.5,4.5,0.333,0.0,0.0,0.0,1.0,2.0,0.5,2.0,1.0,3.0,0.5,0.0,1.0,0.0,1.5,2.5,1.5,4.0,-6.0,11.4,0,0,9.5,552,525,539,293,456,415,351,521,497,528,497,270,184,507,58,461,289,490,543,117,510,2,80,227,418,540,389,252,28,417,1
1627742,Brandon Ingram,Brandon,1610612761,TOR,28.0,69,38,31,0.551,34.1,8.0,17.0,0.472,1.8,4.7,0.378,3.7,4.6,0.818,0.8,4.8,5.6,3.7,2.5,0.8,0.7,1.0,2.0,3.5,21.5,0.1,35.8,2,0,35.6,46,84,114,234,23,25,24,226,109,119,152,48,50,180,255,67,94,96,43,216,86,31,217,58,29,238,51,146,28,42,1
1641706,Brandon Miller,Brandon,1610612766,CHA,23.0,56,36,20,0.643,30.1,7.0,16.2,0.433,3.2,8.1,0.388,3.1,3.5,0.892,1.1,4.0,5.0,3.5,2.8,1.1,0.7,0.5,2.8,2.6,20.3,5.4,34.2,3,0,35.6,203,105,285,121,86,46,33,357,12,13,120,73,85,61,169,112,127,105,29,106,88,171,39,101,42,34,58,117,28,43,1
1630314,Brandon Williams,Brandon,1610612742,DAL,26.0,61,21,40,0.344,22.0,4.4,9.3,0.472,0.6,2.4,0.241,3.4,4.4,0.786,0.5,2.4,2.9,3.8,1.9,0.9,0.3,0.9,1.6,3.4,12.8,-1.7,23.8,1,0,22.5,140,266,45,414,235,157,152,227,357,297,447,56,53,250,386,258,296,84,98,156,272,42,317,63,143,377,164,183,28,172,1
1641729,Brice Sensabaugh,Brice,1610612762,UTA,22.0,67,18,49,0.269,22.8,5.0,11.0,0.454,2.0,5.7,0.351,2.1,2.5,0.834,0.8,2.2,3.0,1.7,1.5,0.7,0.1,0.7,1.9,1.9,14.1,-3.9,21.3,0,0,22.5,70,298,5,465,216,123,118,287,77,72,247,123,136,147,249,292,286,275,152,240,414,103,237,168,112,491,209,252,28,174,1
1642355,Bronny James,Bronny,1610612747,LAL,21.0,33,18,15,0.545,7.2,0.8,2.0,0.403,0.4,0.9,0.4,0.1,0.2,0.8,0.1,0.4,0.5,1.2,0.4,0.4,0.1,0.2,0.6,0.2,2.1,-0.5,5.5,0,0,5.1,378,298,360,240,500,506,503,450,412,448,93,520,526,222,531,548,548,351,460,416,458,441,521,538,504,294,502,252,28,502,1
201572,Brook Lopez,Brook,1610612746,LAC,37.0,67,37,30,0.552,21.1,2.9,6.9,0.425,1.5,4.1,0.363,0.7,0.9,0.763,0.5,2.8,3.3,1.3,0.8,0.6,1.1,0.2,1.9,1.2,8.1,0.9,18.4,1,0,17.6,70,91,130,231,249,264,239,384,151,158,206,364,371,298,369,220,264,340,337,295,32,366,223,278,265,182,251,183,28,255,1
1642964,Brooks Barnhizer,Brooks,1610612760,OKC,24.0,36,27,9,0.75,7.7,0.5,1.4,0.38,0.1,0.5,0.294,0.1,0.2,0.667,0.4,1.4,1.8,0.5,0.2,0.2,0.1,0.3,0.6,0.2,1.3,-1.8,4.8,0,0,4.3,358,202,428,47,494,534,535,488,465,483,405,522,521,427,426,417,431,490,519,508,439,350,509,529,541,383,519,252,28,524,1
1628971,Bruce Brown,Bruce,1610612743,DEN,29.0,74,46,28,0.622,24.5,2.9,6.2,0.469,0.7,1.8,0.385,1.2,1.5,0.761,1.1,2.8,3.9,2.1,1.1,1.0,0.2,0.6,2.4,1.2,7.7,-1.3,18.1,1,0,16.8,1,21,162,141,189,266,271,239,327,358,133,239,244,300,166,218,205,220,237,127,319,138,101,284,273,346,261,183,28,265,1
1631121,Bryce McGowens,Bryce,1610612740,NOP,23.0,42,14,28,0.333,21.0,2.7,5.6,0.481,0.9,2.2,0.409,1.8,2.3,0.779,0.3,1.8,2.1,1.5,0.4,0.6,0.2,0.5,2.1,2.0,8.1,-1.7,14.9,0,0,14.2,319,356,162,421,254,286,299,198,278,311,71,155,163,271,469,354,390,299,467,279,357,171,167,153,260,374,324,252,28,324,1
1642267,Bub Carrington,Bub,1610612764,WAS,20.0,72,17,55,0.236,27.7,3.6,8.6,0.418,1.9,4.9,0.394,1.0,1.4,0.723,0.4,3.1,3.6,4.5,2.2,0.6,0.2,0.3,2.3,1.4,10.2,-8.5,21.6,0,0,21.9,22,316,3,495,129,210,173,406,92,107,103,268,266,368,398,184,233,62,61,282,336,350,130,249,197,563,202,252,28,181,1
1631205,Buddy Boeheim,Buddy,1610612760,OKC,26.0,4,2,2,0.5,3.8,0.5,1.5,0.333,0.5,1.5,0.333,0.0,0.0,0.0,0.0,0.0,0.0,0.0,0.0,0.0,0.0,0.3,0.3,0.3,1.5,1.5,1.5,0,0,2.0,530,504,523,293,554,535,529,521,378,393,285,537,539,537,542,559,563,558,543,541,510,350,554,508,532,144,565,252,28,561,1
1627741,Buddy Hield,Buddy,1610612737,ATL,33.0,49,24,25,0.49,16.2,2.7,6.3,0.427,1.4,4.1,0.333,0.6,0.8,0.811,0.6,1.8,2.3,1.4,1.0,0.8,0.2,0.2,1.2,0.3,7.3,-1.9,14.1,0,0,14.3,261,226,216,325,350,290,268,379,171,160,285,386,393,204,353,362,369,316,277,215,365,374,410,498,284,389,338,252,28,321,2
1643047,CJ Huntley,CJ,1610612756,PHX,24.0,1,1,0,1.0,4.7,1.0,2.0,0.5,0.0,0.0,0.0,0.0,0.0,0.0,0.0,0.0,0.0,0.0,0.0,0.0,0.0,0.0,0.0,0.0,2.0,-4.0,2.0,0,0,2.0,564,525,563,1,536,477,505,150,497,528,497,537,539,537,542,559,563,558,543,541,510,516,568,548,508,499,561,252,28,561,1
203468,CJ McCollum,CJ,1610612737,ATL,34.0,69,32,37,0.464,29.8,6.9,15.1,0.454,2.5,6.8,0.37,2.5,3.2,0.781,0.8,2.6,3.4,3.7,1.8,0.8,0.4,0.6,1.9,2.3,18.8,0.4,30.2,0,0,30.8,46,154,69,344,93,52,46,286,43,39,179,100,96,264,255,242,253,89,107,216,201,119,235,134,57,215,101,252,28,83,2
1630595,Cade Cunningham,Cade,1610612765,DET,24.0,61,44,17,0.721,34.4,8.7,18.9,0.461,2.0,5.8,0.346,5.1,6.2,0.814,0.9,4.7,5.6,9.9,3.7,1.5,0.9,1.1,3.1,4.8,24.5,7.8,49.3,37,3,46.7,140,36,337,60,18,17,11,260,75,68,252,26,21,193,234,71,98,2,4,29,65,16,24,22,17,12,6,5,7,6,1
1631216,Caleb Houstan,Caleb,1610612737,ATL,23.0,16,10,6,0.625,4.3,0.6,1.4,0.455,0.5,1.1,0.444,0.2,0.2,1.0,0.3,0.2,0.4,0.2,0.3,0.1,0.1,0.1,0.6,0.1,1.9,-0.6,3.1,0,0,3.4,452,402,465,135,544,529,536,280,378,427,32,499,518,1,483,554,549,551,511,524,484,498,523,543,520,295,551,252,28,541,1
1631126,Caleb Love,Caleb,1610612757,POR,24.0,46,22,24,0.478,21.9,4.1,10.6,0.387,2.0,6.3,0.32,0.8,1.1,0.735,0.5,1.9,2.5,2.7,1.3,0.6,0.1,0.7,1.0,0.8,11.0,-2.6,18.7,0,0,19.5,297,248,228,336,237,175,126,477,74,52,342,333,328,352,357,329,350,162,189,309,462,74,439,377,179,433,245,252,28,216,1
1628997,Caleb Martin,Caleb,1610612742,DAL,30.0,58,20,38,0.345,14.8,1.5,3.3,0.45,0.3,1.0,0.351,0.6,1.1,0.607,0.5,2.0,2.5,1.4,0.7,0.7,0.3,0.3,1.5,1.0,3.9,-3.4,11.1,0,0,10.0,179,280,58,413,371,418,422,308,415,443,246,381,332,474,383,323,353,314,362,253,303,342,337,312,428,473,394,252,28,399,1
1642353,Cam Christie,Cam,1610612746,LAC,20.0,49,24,25,0.49,9.3,1.0,2.7,0.392,0.2,1.0,0.245,0.8,1.0,0.76,0.4,1.1,1.5,0.6,0.4,0.3,0.1,0.2,0.4,0.6,3.1,-0.4,6.6,0,0,6.2,261,226,216,325,470,474,463,469,440,434,445,336,336,303,432,449,463,468,466,455,487,362,545,424,458,281,479,252,28,481,1
1642285,Cam Spencer,Cam,1610612763,MEM,25.0,69,23,46,0.333,24.0,3.7,7.8,0.468,2.0,4.6,0.441,1.7,1.9,0.938,0.6,2.0,2.6,5.5,1.3,0.7,0.2,0.2,1.4,1.3,11.1,-1.3,23.8,6,0,22.9,46,236,20,421,196,205,200,240,79,130,36,159,205,36,354,317,336,38,199,231,397,370,352,264,177,347,163,78,28,168,1
1630560,Cam Thomas,Cam,1610612749,MIL,24.0,42,12,30,0.286,21.0,4.5,11.0,0.41,1.2,4.0,0.31,3.3,4.0,0.811,0.3,1.4,1.7,2.6,1.8,0.2,0.1,0.7,1.0,3.5,13.5,-5.1,18.6,0,0,19.6,319,380,130,447,253,150,119,427,199,167,368,63,67,206,480,408,443,175,112,492,454,93,445,56,125,528,247,252,28,215,2
1641715,Cam Whitmore,Cam,1610612764,WAS,21.0,21,3,18,0.143,16.9,3.7,8.0,0.456,0.8,2.7,0.286,1.1,1.5,0.742,0.9,1.9,2.8,0.7,0.9,0.7,0.4,1.0,1.2,1.0,9.2,-7.2,16.0,0,0,15.6,428,484,319,534,337,203,194,278,306,274,410,252,256,345,214,345,313,447,309,241,219,33,402,320,223,552,295,252,28,290,1
1629661,Cameron Johnson,Cameron,1610612743,DEN,30.0,48,31,17,0.646,30.4,4.1,8.6,0.471,2.0,4.6,0.429,1.8,2.2,0.837,0.7,2.9,3.7,2.4,0.9,0.7,0.4,0.5,2.4,1.7,11.9,5.8,22.2,1,0,22.0,271,162,337,118,80,179,176,230,88,131,48,150,170,143,289,205,223,197,311,256,224,146,99,193,159,29,194,183,28,180,1
1626166,Cameron Payne,Cameron,1610612755,PHI,31.0,19,10,9,0.526,18.4,2.8,7.5,0.378,1.7,4.9,0.34,0.9,1.1,0.85,0.2,1.8,2.0,2.9,0.6,1.3,0.3,0.4,1.4,1.1,8.3,-3.4,19.2,1,0,18.1,438,402,428,268,304,274,213,490,123,106,264,303,331,123,526,346,395,138,395,58,264,217,365,297,256,474,237,183,28,248,1
1627747,Caris LeVert,Caris,1610612765,DET,31.0,52,37,15,0.712,19.3,2.7,6.5,0.41,1.0,3.1,0.327,0.9,1.4,0.671,0.4,1.6,1.9,2.7,1.4,0.9,0.6,0.3,1.5,1.3,7.3,-0.1,16.8,0,0,16.0,238,91,360,66,289,291,256,426,246,235,319,296,265,426,433,379,408,158,168,161,116,289,323,265,285,259,282,252,28,283,1
1642868,Carter Bryant,Carter,1610612759,SAS,20.0,62,49,13,0.79,10.9,1.4,3.7,0.388,0.7,2.1,0.318,0.4,0.6,0.711,0.5,2.0,2.5,0.5,0.4,0.2,0.3,0.2,1.2,0.4,4.0,-0.3,8.8,0,0,8.6,131,8,390,31,443,424,398,476,325,319,345,432,429,382,390,316,348,489,462,493,290,435,400,474,424,276,438,252,28,438,1
1641717,Cason Wallace,Cason,1610612760,OKC,22.0,70,54,16,0.771,27.0,3.2,7.6,0.426,1.2,3.7,0.337,0.7,0.9,0.813,0.8,2.3,3.1,2.7,1.0,2.0,0.4,0.5,2.0,0.9,8.5,6.1,22.4,1,0,20.3,31,3,346,37,148,231,208,382,198,182,275,346,364,194,242,282,279,160,270,4,226,183,193,358,246,24,189,183,28,208,1
1642907,Cedric Coward,Cedric,1610612763,MEM,22.0,56,19,37,0.339,26.0,4.8,10.3,0.466,1.5,4.4,0.337,2.2,2.6,0.847,1.4,4.7,6.1,2.8,1.7,0.6,0.4,0.7,2.0,2.0,13.3,0.2,26.0,7,0,25.6,203,290,69,419,166,133,133,248,158,138,274,117,132,124,117,72,75,148,116,317,196,81,196,152,131,232,138,67,28,128,1
1643052,Chaney Johnson,Chaney,1610612751,BKN,23.0,10,1,9,0.1,20.9,2.8,5.3,0.528,0.6,2.0,0.3,1.9,2.4,0.792,1.9,2.5,4.4,2.4,1.3,1.0,0.5,0.2,3.5,1.6,8.1,-3.9,20.2,0,0,18.5,479,525,428,549,255,278,313,103,348,333,392,142,153,240,71,253,167,194,193,117,150,389,9,206,259,492,225,252,28,240,1
1629646,Charles Bassey,Charles,1610612738,BOS,25.0,5,1,4,0.2,7.8,1.2,2.4,0.5,0.0,0.0,0.0,0.2,0.6,0.333,1.6,1.8,3.4,0.4,0.2,0.4,0.4,0.2,1.0,0.4,2.6,-2.8,9.5,0,0,8.0,516,525,490,516,492,457,479,150,497,528,497,493,432,531,92,356,251,517,522,409,204,389,446,475,487,447,427,252,28,448,3
1642404,Chaz Lanier,Chaz,1610612765,DET,24.0,27,23,4,0.852,8.0,0.9,2.7,0.333,0.7,2.1,0.321,0.2,0.2,0.833,0.3,0.5,0.7,0.6,0.1,0.3,0.0,0.1,0.4,0.1,2.6,0.7,5.1,0,0,5.1,401,236,490,12,490,497,459,521,329,325,333,501,513,148,481,543,535,479,540,475,510,493,541,539,484,193,513,252,28,503,1
1631096,Chet Holmgren,Chet,1610612760,OKC,23.0,63,50,13,0.794,29.2,6.3,11.4,0.552,1.2,3.5,0.353,3.3,4.2,0.798,1.9,7.0,8.9,1.7,1.5,0.5,1.9,0.8,2.2,3.9,17.1,9.0,36.0,22,0,33.8,110,6,390,30,103,71,104,82,199,196,237,58,58,231,72,18,21,268,142,346,4,50,140,45,74,7,49,19,28,56,1
1628449,Chris Boucher,Chris,1610612738,BOS,33.0,9,4,5,0.444,10.5,0.9,2.8,0.32,0.2,1.7,0.133,0.3,0.4,0.75,0.2,1.8,2.0,0.3,0.1,0.6,0.8,0.1,1.9,0.4,2.3,0.6,9.1,0,0,7.6,486,471,482,359,452,497,455,535,445,373,487,455,462,318,493,358,395,524,537,332,80,470,234,465,496,206,432,252,28,456,1
1641753,Chris Livingston,Chris,1610612739,CLE,22.0,3,2,1,0.667,5.8,1.3,2.3,0.571,0.0,1.0,0.0,0.3,0.3,1.0,0.0,1.0,1.0,0.3,0.0,0.3,0.0,0.0,1.3,0.3,3.0,2.7,5.7,0,0,5.0,544,504,539,92,525,438,482,66,497,434,497,455,485,1,542,461,505,524,543,443,510,516,371,491,461,93,499,252,28,507,1
1643024,Chris Mañon,Chris,1610612747,LAL,24.0,6,2,4,0.333,4.2,0.0,0.3,0.0,0.0,0.3,0.0,0.3,0.3,1.0,0.2,0.8,1.0,0.2,0.2,0.5,0.3,0.0,0.8,0.3,0.3,0.0,4.1,0,0,3.2,499,504,490,421,546,562,569,562,497,492,497,455,485,1,517,491,505,553,530,356,242,516,476,491,565,246,528,252,28,544,1
101108,Chris Paul,Chris,1610612746,LAC,40.0,16,4,12,0.25,14.2,1.1,3.5,0.321,0.6,1.9,0.333,0.1,0.1,0.5,0.4,1.4,1.8,3.3,1.0,0.7,0.0,0.2,1.4,0.4,2.9,-5.3,11.1,0,0,10.0,452,471,404,480,383,467,403,534,343,347,285,532,530,507,429,415,431,119,254,256,510,412,347,466,468,533,395,252,28,400,1
1642959,Chris Youngblood,Chris,1610612757,POR,24.0,33,28,5,0.848,5.6,0.7,1.9,0.349,0.5,1.6,0.333,0.3,0.3,0.9,0.2,0.6,0.8,0.4,0.1,0.1,0.1,0.1,0.6,0.3,2.2,0.2,4.3,0,0,4.3,378,186,482,13,528,525,512,516,368,376,285,477,498,50,498,526,522,522,541,527,458,500,510,504,503,228,525,252,28,522,2
1631128,Christian Braun,Christian,1610612743,DEN,24.0,38,23,15,0.605,31.8,4.4,8.7,0.514,0.9,3.1,0.305,1.9,2.4,0.774,1.4,3.4,4.8,2.9,1.1,0.7,0.3,0.8,2.5,1.8,11.7,6.0,23.6,0,0,22.3,346,236,360,161,54,154,172,123,273,237,385,143,148,278,115,149,146,144,234,259,299,61,80,186,165,28,165,252,28,177,1
1631132,Christian Koloko,Christian,1610612737,ATL,25.0,24,14,10,0.583,13.3,1.2,2.7,0.431,0.0,0.3,0.143,0.3,0.4,0.7,1.2,1.8,3.0,0.6,0.5,0.5,0.9,0.5,1.8,0.5,2.7,0.6,10.9,0,0,9.2,415,356,421,192,400,462,458,370,483,498,485,469,469,396,148,347,289,462,418,345,60,200,254,432,481,199,400,252,28,426,3
1642935,Chucky Hepburn,Chucky,1610612761,TOR,23.0,2,0,2,0.0,6.6,0.0,3.0,0.0,0.0,2.5,0.0,0.0,0.0,0.0,0.0,0.5,0.5,1.0,0.5,0.5,0.0,0.0,1.0,0.5,0.0,-8.0,3.1,0,0,2.5,552,551,523,551,506,562,439,562,497,287,497,537,539,537,542,534,544,375,431,356,510,516,446,435,567,561,548,252,28,554,1
203991,Clint Capela,Clint,1610612745,HOU,31.0,66,39,27,0.591,12.4,1.5,3.0,0.515,0.0,0.0,0.0,0.6,1.0,0.597,2.1,2.4,4.5,0.6,0.6,0.5,0.8,0.3,0.9,0.7,3.7,1.5,13.4,0,0,11.4,80,65,183,182,416,411,447,122,497,528,497,388,337,481,52,259,158,459,406,384,67,319,463,386,437,143,352,252,28,374,1
1629632,Coby White,Coby,1610612766,CHA,26.0,42,24,18,0.571,26.3,5.7,12.9,0.444,2.4,6.7,0.357,4.0,4.9,0.82,0.3,3.3,3.6,4.3,2.7,0.6,0.1,0.7,2.3,3.8,17.8,1.9,28.0,1,0,29.5,319,226,319,200,159,91,81,326,55,42,224,41,44,178,458,165,232,64,37,317,433,75,122,48,65,119,119,183,28,96,2
1628998,Cody Martin,Cody,1610612754,IND,30.0,4,0,4,0.0,13.8,0.5,2.5,0.2,0.0,1.3,0.0,0.8,1.5,0.5,0.3,3.3,3.5,0.5,1.0,1.0,0.5,0.3,1.3,1.3,1.8,-7.0,10.2,0,0,8.8,530,551,490,551,389,535,469,555,497,419,497,341,251,507,483,168,240,490,254,117,150,350,387,271,527,546,411,252,28,431,1
1642262,Cody Williams,Cody,1610612762,UTA,21.0,58,15,43,0.259,22.7,3.2,6.5,0.483,0.4,1.8,0.234,1.0,1.4,0.683,0.9,1.9,2.8,1.6,0.9,0.7,0.4,0.7,1.8,1.0,7.7,-5.1,15.8,1,0,14.7,179,346,30,472,218,239,254,194,396,351,451,289,263,418,212,337,307,288,281,253,180,91,253,312,271,530,300,183,28,314,1
1641732,Colby Jones,Colby,1610612765,DET,23.0,1,0,1,0.0,6.8,1.0,3.0,0.333,0.0,2.0,0.0,0.0,0.0,0.0,0.0,4.0,4.0,2.0,0.0,0.0,0.0,0.0,1.0,0.0,2.0,12.0,9.8,0,0,8.0,564,551,539,551,504,477,439,521,497,333,497,537,539,537,542,108,193,228,543,541,510,516,446,548,508,2,418,252,28,448,1
1630175,Cole Anthony,Cole,1610612749,MIL,25.0,35,12,23,0.343,15.0,2.8,6.6,0.424,0.6,2.1,0.306,0.5,0.7,0.615,0.5,2.0,2.5,3.5,1.9,0.6,0.3,0.3,2.1,1.3,6.7,-3.2,15.7,0,0,15.0,367,380,243,415,366,278,251,390,341,327,384,425,400,468,391,318,349,108,97,317,266,294,173,259,313,465,309,252,28,303,1
1630658,Colin Castleton,Colin,1610612753,ORL,25.0,1,0,1,0.0,10.3,1.0,3.0,0.333,0.0,0.0,0.0,0.0,0.0,0.0,0.0,4.0,4.0,1.0,2.0,0.0,0.0,0.0,1.0,1.0,2.0,12.0,6.3,0,0,7.0,564,551,539,551,455,477,439,521,497,528,497,537,539,537,542,108,193,375,81,541,510,516,446,320,508,2,483,252,28,465,1
1631221,Collin Gillespie,Collin,1610612756,PHX,26.0,72,39,33,0.542,28.9,4.6,10.7,0.43,3.1,7.3,0.419,1.0,1.2,0.869,1.1,3.1,4.1,4.7,1.6,1.3,0.2,0.4,1.6,1.8,13.3,2.3,28.2,2,0,28.2,22,65,96,250,111,143,123,372,17,22,59,268,309,96,164,191,182,58,135,56,352,232,294,188,130,108,117,146,28,112,1
1642867,Collin Murray-Boyles,Collin,1610612761,TOR,20.0,49,26,23,0.531,22.2,3.2,5.8,0.562,0.3,1.0,0.354,1.0,1.6,0.649,2.4,2.6,4.9,1.9,1.1,0.9,1.0,0.5,2.6,1.3,7.9,-0.7,21.2,3,0,18.9,261,207,243,267,228,230,289,76,414,444,233,265,235,445,41,249,135,238,230,146,49,163,68,256,268,308,210,117,28,232,1
1629012,Collin Sexton,Collin,1610612741,CHI,27.0,58,23,35,0.397,22.8,5.0,10.2,0.487,1.5,3.9,0.389,3.2,3.7,0.862,0.5,1.5,2.0,3.4,2.1,1.0,0.1,0.8,2.0,3.4,14.7,-1.3,23.5,1,0,23.9,179,236,79,385,217,124,135,186,146,173,118,65,74,105,383,384,393,114,73,128,412,56,212,64,103,351,168,183,28,154,2
1642843,Cooper Flagg,Cooper,1610612742,DAL,19.0,61,19,42,0.311,33.8,7.8,16.5,0.473,1.0,3.4,0.287,3.8,4.7,0.811,1.2,5.4,6.6,4.7,2.4,1.1,0.9,1.0,2.1,4.0,20.4,-3.7,39.2,11,0,36.8,140,290,38,434,25,28,28,222,263,206,409,44,48,207,139,39,63,60,52,78,52,19,162,42,40,482,33,47,28,39,1
1630557,Corey Kispert,Corey,1610612737,ATL,27.0,53,24,29,0.453,18.9,3.2,6.9,0.462,1.5,4.1,0.355,1.3,1.6,0.816,0.5,1.9,2.4,1.7,0.8,0.3,0.1,0.4,1.1,1.2,9.2,-2.4,15.0,0,0,15.5,233,226,146,354,296,235,240,257,160,161,232,212,226,187,388,336,362,273,344,469,420,253,434,280,224,422,322,252,28,293,2
1642504,Cormac Ryan,Cormac,1610612749,MIL,27.0,2,0,2,0.0,6.1,1.0,3.5,0.286,0.5,2.5,0.2,1.0,1.5,0.667,0.0,0.0,0.0,0.5,0.0,0.5,0.5,0.0,1.0,0.5,3.5,-5.0,7.3,0,0,6.5,552,551,523,551,521,477,403,546,378,287,468,270,251,427,542,559,563,490,543,356,150,516,446,435,443,524,465,252,28,473,1
1641854,Craig Porter Jr.,Craig,1610612739,CLE,26.0,58,39,19,0.672,17.6,1.8,4.0,0.444,0.5,1.4,0.361,0.3,0.6,0.556,1.3,2.0,3.3,3.2,0.9,0.9,0.6,0.3,1.1,0.8,4.4,1.4,16.8,0,0,14.5,179,65,306,88,319,382,380,323,371,404,212,450,426,497,130,319,258,126,284,140,127,313,425,368,400,152,279,252,28,316,1
1642938,Curtis Jones,Curtis,1610612743,DEN,24.0,6,4,2,0.667,5.1,0.7,2.3,0.286,0.2,1.5,0.111,0.0,0.0,0.0,0.2,0.7,0.8,0.5,0.2,0.0,0.0,0.0,0.5,0.2,1.5,0.7,3.1,0,0,3.0,499,471,523,92,532,525,482,546,456,393,492,537,539,537,517,515,523,490,530,541,510,516,530,532,532,193,549,252,28,547,1
1626156,D'Angelo Russell,D'Angelo,1610612764,WAS,30.0,26,9,17,0.346,19.0,3.6,8.9,0.405,1.3,4.3,0.295,1.7,2.3,0.717,0.3,2.0,2.3,4.0,1.9,0.5,0.1,0.2,1.2,2.0,10.2,-1.6,18.7,1,0,18.8,406,414,337,411,294,209,163,445,192,144,403,167,157,375,459,315,365,73,94,387,470,405,416,164,199,368,246,183,28,233,1
1629610,DaQuan Jeffries,DaQuan,1610612758,SAC,28.0,1,0,1,0.0,7.0,1.0,1.0,1.0,0.0,0.0,0.0,0.0,0.0,0.0,0.0,0.0,0.0,0.0,0.0,0.0,0.0,0.0,4.0,0.0,2.0,-1.0,2.0,0,0,2.0,564,551,539,551,503,477,548,1,497,528,497,537,539,537,542,559,563,558,543,541,510,516,3,548,508,331,561,252,28,561,1
1641747,DaRon Holmes II,DaRon,1610612743,DEN,23.0,20,12,8,0.6,9.8,1.4,2.8,0.5,0.9,2.1,0.439,0.5,0.6,0.818,0.3,1.2,1.5,0.8,0.6,0.0,0.2,0.1,1.0,0.8,4.2,-0.8,7.2,0,0,7.8,433,380,440,167,464,426,453,150,279,329,40,427,444,181,463,437,464,427,411,541,340,476,462,382,413,312,469,252,28,453,1
1631342,Daeqwon Plowden,Daeqwon,1610612758,SAC,27.0,24,6,18,0.25,25.7,3.6,8.4,0.433,1.8,5.3,0.336,1.2,1.5,0.829,1.0,2.0,3.1,1.1,0.6,0.7,0.2,0.5,2.3,1.3,10.3,-7.2,17.5,0,0,17.9,415,445,319,480,172,207,182,360,108,86,279,233,258,163,174,313,281,366,379,265,380,200,130,263,194,550,267,252,28,249,1
1630625,Dalano Banton,Dalano,1610612738,BOS,26.0,5,3,2,0.6,5.0,0.8,1.8,0.444,0.0,0.0,0.0,0.4,0.4,1.0,0.2,0.0,0.2,0.8,0.4,0.2,0.2,0.4,0.2,0.2,2.0,-2.4,4.2,0,0,3.8,516,484,523,167,533,507,517,323,497,528,497,437,472,1,503,559,559,427,468,496,340,233,561,524,508,421,527,252,28,532,2
1631207,Dalen Terry,Dalen,1610612755,PHI,23.0,47,21,26,0.447,11.6,1.4,3.3,0.435,0.5,1.4,0.364,0.3,0.6,0.552,0.5,1.3,1.8,1.4,0.6,0.6,0.3,0.2,1.0,0.8,3.7,-0.8,10.2,0,0,9.3,288,266,201,357,428,422,420,349,376,408,200,453,428,499,361,427,425,312,409,291,261,425,440,367,436,318,410,252,28,422,2
1642261,Dalton Knecht,Dalton,1610612747,LAL,24.0,48,29,19,0.604,10.6,1.6,3.6,0.448,0.6,2.1,0.307,0.3,0.4,0.7,0.3,1.1,1.4,0.3,0.4,0.2,0.2,0.2,0.8,0.4,4.2,-1.4,7.2,0,0,7.4,271,180,306,163,447,399,399,312,338,322,381,469,469,396,474,448,475,524,463,494,336,387,476,489,411,359,468,252,28,460,1
1629655,Daniel Gafford,Daniel,1610612742,DAL,27.0,51,11,40,0.216,21.9,3.8,5.7,0.658,0.0,0.0,0.0,1.9,2.7,0.715,2.5,4.5,7.0,1.1,1.2,0.7,1.2,0.8,2.5,2.6,9.5,-3.4,24.2,10,0,21.5,246,395,45,507,236,196,291,24,497,528,497,139,127,376,38,78,51,367,220,229,29,60,72,106,217,472,158,53,28,189,1
1642450,Daniss Jenkins,Daniss,1610612765,DET,24.0,63,47,16,0.746,19.0,3.0,7.3,0.413,1.0,2.6,0.382,1.6,2.0,0.8,0.6,1.4,2.0,3.5,1.4,0.9,0.2,0.6,1.5,1.8,8.7,2.5,18.2,2,0,17.4,110,16,346,51,295,254,222,422,248,280,140,180,190,222,328,411,394,104,161,153,357,121,340,187,239,99,256,146,28,256,1
1642874,Danny Wolf,Danny,1610612751,BKN,21.0,57,14,43,0.246,20.8,3.1,7.7,0.405,1.2,3.7,0.322,1.5,1.9,0.771,1.0,3.9,4.9,2.2,1.3,0.5,0.6,0.6,2.2,1.3,8.9,-4.1,20.2,2,0,19.4,194,356,30,489,257,244,205,447,208,180,330,193,199,284,179,116,137,206,196,351,123,136,139,270,234,503,227,146,28,218,1
203967,Dario Saric,Dario,1610612758,SAC,31.0,5,1,4,0.2,8.2,0.2,1.2,0.167,0.2,0.6,0.333,0.4,0.4,1.0,0.2,1.0,1.2,0.4,0.4,0.0,0.0,0.2,0.6,0.2,1.0,0.0,2.6,0,0,2.8,516,525,490,516,486,558,543,557,448,472,285,437,472,1,503,461,488,517,468,541,510,389,518,524,549,246,559,252,28,550,1
1642468,Darius Brown,Darius,1610612739,CLE,26.0,1,1,0,1.0,2.7,0.0,1.0,0.0,0.0,0.0,0.0,0.0,0.0,0.0,0.0,1.0,1.0,0.0,0.0,0.0,0.0,0.0,0.0,0.0,0.0,-4.0,1.2,0,0,1.0,564,525,563,1,569,562,548,562,497,528,497,537,539,537,542,461,505,558,543,541,510,516,568,548,567,499,567,252,28,567,1
1629636,Darius Garland,Darius,1610612746,LAC,26.0,38,22,16,0.579,29.8,7.0,14.8,0.47,2.8,6.8,0.417,2.4,2.8,0.858,0.4,1.9,2.4,6.8,2.9,0.9,0.1,0.6,1.7,2.5,19.2,1.8,32.4,6,0,33.2,346,248,346,197,92,47,50,234,22,38,62,103,118,113,395,333,363,17,23,173,421,133,283,115,52,123,80,78,28,65,2
1642357,David Jones Garcia,David,1610612759,SAS,24.0,11,7,4,0.636,6.2,1.2,2.3,0.52,0.3,0.5,0.6,0.3,0.5,0.5,0.4,0.8,1.2,1.6,0.5,0.5,0.1,0.4,0.5,0.7,2.9,3.5,8.2,0,0,7.3,469,432,490,124,519,460,487,109,433,484,8,477,445,507,434,494,491,277,449,341,458,265,525,389,471,75,454,252,28,461,1
1631223,David Roddy,David,1610612743,DEN,25.0,2,1,1,0.5,6.1,0.0,1.5,0.0,0.0,1.5,0.0,1.0,1.0,1.0,0.5,1.5,2.0,1.0,0.0,0.5,0.0,0.0,1.0,0.5,1.0,-5.5,6.4,0,0,5.0,552,525,539,293,520,562,529,562,497,393,497,270,339,1,370,392,395,375,543,356,510,516,446,435,549,538,482,252,28,507,1
1630558,Davion Mitchell,Davion,1610612748,MIA,27.0,63,34,29,0.54,28.3,3.5,7.4,0.478,1.2,3.1,0.394,0.6,0.9,0.678,0.4,2.2,2.7,6.5,1.6,1.0,0.2,0.3,2.6,1.2,9.0,3.4,24.0,4,0,21.8,110,126,146,253,120,211,218,209,199,231,105,382,356,423,398,288,324,24,139,111,375,292,62,279,232,76,160,102,28,183,1
1630549,Day'Ron Sharpe,Day'Ron,1610612751,BKN,24.0,62,17,45,0.274,18.7,3.5,5.7,0.601,0.1,0.6,0.231,1.7,2.5,0.678,2.8,3.9,6.7,2.3,1.7,1.1,0.4,0.5,2.4,2.0,8.7,-1.8,23.0,5,0,20.9,131,316,24,457,298,215,290,45,464,470,453,166,146,424,27,119,62,198,120,98,191,154,96,163,236,388,175,91,28,201,1
1628368,De'Aaron Fox,De'Aaron,1610612759,SAS,28.0,63,48,15,0.762,31.3,7.1,14.7,0.486,1.9,5.5,0.342,2.7,3.6,0.765,0.6,3.2,3.8,6.3,2.3,1.2,0.3,0.8,2.3,2.7,18.9,5.3,34.9,7,0,33.7,110,12,360,42,61,43,51,188,96,78,260,86,79,292,332,176,213,26,57,71,295,63,129,93,56,36,55,67,28,57,1
1629631,De'Andre Hunter,De'Andre,1610612758,SAC,28.0,45,24,21,0.533,26.1,4.6,11.1,0.415,1.7,5.5,0.305,2.8,3.2,0.867,0.7,3.4,4.1,2.0,1.7,0.7,0.1,0.4,2.5,3.1,13.7,-0.5,22.3,0,0,23.0,303,226,273,261,162,142,113,417,126,81,386,85,99,98,309,146,186,228,127,265,415,216,86,72,122,286,190,252,28,164,2
1629001,De'Anthony Melton,De'Anthony,1610612744,GSW,27.0,42,21,21,0.5,22.9,4.7,11.3,0.415,1.5,5.1,0.288,2.2,2.6,0.827,0.8,2.4,3.2,2.5,1.9,1.6,0.4,0.7,2.1,2.0,13.0,4.0,24.8,0,0,24.2,319,266,273,293,212,136,108,418,159,100,408,119,130,165,258,260,270,185,91,18,202,87,179,151,137,55,151,252,28,148,1
201599,DeAndre Jordan,DeAndre,1610612740,NOP,37.0,11,6,5,0.545,16.3,1.6,2.5,0.667,0.0,0.0,0.0,0.8,1.4,0.6,2.0,4.3,6.3,1.0,0.8,0.4,0.8,0.4,1.4,1.2,4.1,0.3,15.8,0,0,13.7,469,445,482,240,349,398,473,16,497,528,497,322,272,478,58,98,71,375,329,430,71,265,367,281,416,225,298,252,28,333,1
1630610,DeJon Jarreau,DeJon,1610612763,MEM,28.0,8,1,7,0.125,19.8,2.9,7.5,0.383,0.5,3.1,0.16,1.0,1.4,0.727,1.3,3.6,4.9,3.4,2.1,0.9,0.3,0.4,2.5,1.4,7.3,-7.8,19.4,0,0,18.3,490,525,457,543,277,269,214,484,378,233,482,270,269,360,133,137,142,113,70,165,311,255,80,249,286,559,236,252,28,244,1
201942,DeMar DeRozan,DeMar,1610612758,SAC,36.0,73,18,55,0.247,31.6,6.5,13.1,0.495,0.6,1.9,0.307,4.9,5.7,0.863,0.4,2.6,3.0,4.2,1.2,1.1,0.3,0.5,2.0,4.1,18.4,-8.0,31.1,2,0,28.9,7,298,3,487,55,64,77,166,350,341,379,29,33,104,402,244,289,66,209,102,277,170,215,40,61,562,90,146,28,104,1
1629731,Dean Wade,Dean,1610612739,CLE,29.0,57,35,22,0.614,22.4,2.1,4.8,0.432,1.2,3.4,0.354,0.5,0.7,0.711,0.9,3.3,4.2,1.5,0.3,0.8,0.4,0.2,1.6,0.8,5.8,2.8,16.3,1,0,15.0,194,116,262,153,223,352,339,362,208,211,233,423,408,382,219,157,177,291,503,222,215,404,316,381,342,92,288,183,28,304,1
1629028,Deandre Ayton,Deandre,1610612747,LAL,27.0,63,40,23,0.635,27.6,5.6,8.4,0.672,0.0,0.0,0.0,1.2,1.9,0.619,2.6,5.7,8.3,0.9,1.2,0.6,0.9,0.4,2.3,1.6,12.4,-0.5,26.9,21,0,24.5,110,55,243,127,133,96,183,15,497,528,497,241,203,466,31,34,33,415,211,308,58,225,119,212,149,293,134,20,28,142,1
1627749,Dejounte Murray,Dejounte,1610612740,NOP,29.0,12,5,7,0.417,27.8,6.3,13.2,0.481,1.5,4.8,0.316,3.0,3.5,0.857,0.3,5.0,5.3,6.5,3.4,1.7,0.2,0.4,2.6,2.5,17.2,3.9,35.3,1,0,34.1,465,458,457,373,127,67,75,198,152,117,354,74,84,114,483,54,115,23,9,12,380,221,65,115,72,62,53,183,28,52,1
1630166,Deni Avdija,Deni,1610612757,POR,25.0,58,30,28,0.517,33.1,7.3,15.9,0.457,1.9,6.1,0.321,7.4,9.2,0.806,1.2,5.7,6.9,6.7,3.8,0.8,0.6,1.2,2.6,6.6,23.9,-0.5,42.5,17,3,42.2,179,169,162,277,42,39,36,274,91,61,336,3,3,214,146,33,56,19,2,220,112,10,69,5,21,289,18,26,7,17,1
203471,Dennis Schröder,Dennis,1610612739,CLE,32.0,63,24,39,0.381,24.7,3.7,9.2,0.401,1.1,3.4,0.329,2.5,3.0,0.829,0.4,2.3,2.7,4.9,1.8,0.8,0.2,0.7,1.6,2.5,11.0,-3.3,22.6,2,0,21.6,110,226,51,397,186,199,157,454,223,205,316,102,107,161,415,277,317,53,108,205,398,83,318,114,181,471,182,146,28,185,2
1641726,Dereck Lively II,Dereck,1610612742,DAL,22.0,7,3,4,0.429,16.5,1.6,2.6,0.611,0.0,0.0,0.0,1.1,1.4,0.8,2.0,3.3,5.3,1.9,1.4,0.6,1.6,0.3,3.0,1.3,4.3,2.0,18.4,0,0,15.7,492,484,490,366,343,404,465,43,497,528,497,247,262,222,58,161,109,246,163,317,12,321,27,266,406,117,249,252,28,287,1
1642852,Derik Queen,Derik,1610612740,NOP,21.0,73,25,48,0.342,24.5,4.2,8.9,0.477,0.3,1.1,0.273,2.6,3.2,0.796,1.6,5.2,6.8,3.7,2.3,1.0,0.9,0.7,2.6,2.6,11.3,-3.3,28.4,11,2,25.9,7,216,10,417,190,166,165,215,430,432,423,94,97,235,91,44,57,92,58,135,59,92,61,112,172,470,116,47,13,127,1
1627884,Derrick Jones Jr.,Derrick,1610612746,LAC,29.0,42,22,20,0.524,27.5,4.0,7.9,0.506,1.2,3.3,0.358,1.5,2.0,0.765,1.1,2.1,3.3,1.5,0.8,1.0,1.0,0.5,2.1,1.9,10.7,2.4,22.0,0,0,20.6,319,248,285,270,135,187,197,134,211,215,221,185,181,295,154,299,263,304,335,130,43,205,179,176,187,105,196,252,28,205,1
1628401,Derrick White,Derrick,1610612738,BOS,31.0,70,47,23,0.671,34.3,5.9,15.0,0.392,2.8,8.6,0.323,2.6,2.9,0.9,1.1,3.4,4.5,5.5,1.8,1.2,1.4,0.5,1.6,2.9,17.1,7.3,36.6,1,0,35.0,31,16,243,91,21,82,47,468,26,10,328,92,116,50,160,155,163,37,104,72,23,183,297,80,75,15,45,183,28,46,1
1630217,Desmond Bane,Desmond,1610612753,ORL,27.0,73,39,34,0.534,34.2,7.3,15.0,0.486,2.0,5.2,0.389,3.8,4.1,0.926,1.2,3.0,4.2,4.2,2.0,1.0,0.4,1.0,3.1,2.7,20.4,1.2,34.1,1,0,33.7,7,65,85,259,22,40,49,187,72,95,117,43,61,41,141,202,179,65,85,112,186,21,25,91,39,167,60,183,28,58,1
1626164,Devin Booker,Devin,1610612756,PHX,29.0,57,33,24,0.579,33.5,8.4,18.5,0.45,1.8,5.7,0.322,6.9,8.0,0.868,0.8,3.2,3.9,5.9,3.2,0.8,0.3,1.0,2.6,6.6,25.5,3.3,39.2,6,0,39.4,194,138,228,197,29,21,12,301,102,74,331,5,7,97,275,179,200,30,14,193,282,32,59,4,15,79,32,78,28,26,1
1642269,Devin Carter,Devin,1610612758,SAC,24.0,30,5,25,0.167,15.8,2.7,6.8,0.404,0.6,2.6,0.231,1.6,2.1,0.79,0.8,1.9,2.7,2.2,1.3,0.8,0.2,0.3,1.2,2.1,7.7,-3.5,16.0,0,0,15.2,389,458,216,530,356,285,242,448,348,281,453,172,178,244,268,330,320,205,202,188,380,280,408,145,272,479,293,252,28,298,1
1630170,Devin Vassell,Devin,1610612759,SAS,25.0,58,45,13,0.776,30.5,5.0,11.4,0.442,2.5,6.5,0.387,1.6,2.0,0.812,0.5,3.3,3.8,2.5,0.9,0.8,0.4,0.2,1.6,1.4,14.2,7.7,25.3,0,0,25.5,179,30,390,33,78,121,106,332,41,47,125,171,182,198,360,159,206,180,290,191,221,375,299,240,110,13,146,252,28,129,1
1628415,Dillon Brooks,Dillon,1610612756,PHX,30.0,50,30,20,0.6,30.6,7.7,17.4,0.44,2.3,6.8,0.343,3.2,3.8,0.856,0.8,2.9,3.7,1.8,1.8,1.0,0.2,0.6,3.3,3.5,20.9,-0.7,29.7,0,0,31.0,254,169,285,167,77,29,20,339,58,37,257,67,71,118,265,211,226,257,111,109,395,137,17,61,36,303,108,252,28,79,1
1641794,Dillon Jones,Dillon,1610612752,NYK,24.0,6,5,1,0.833,4.5,0.2,1.0,0.167,0.2,0.7,0.25,0.7,0.7,1.0,0.3,0.7,1.0,0.7,0.0,0.3,0.0,0.2,0.8,0.3,1.2,1.3,4.4,0,0,3.7,499,458,539,15,542,559,548,557,456,467,437,365,408,1,446,515,505,453,543,443,510,426,476,491,546,157,523,252,28,535,1
1627734,Domantas Sabonis,Domantas,1610612758,SAC,29.0,19,3,16,0.158,29.7,6.3,11.6,0.543,0.3,1.4,0.185,2.9,4.1,0.727,3.4,8.0,11.4,4.1,2.7,0.9,0.2,0.9,3.5,3.6,15.8,-9.3,36.4,12,0,33.9,438,484,346,533,99,68,100,85,436,406,476,76,64,360,12,6,5,69,36,141,334,34,12,54,88,565,46,42,28,53,1
1631230,Dominick Barlow,Dominick,1610612755,PHI,22.0,62,35,27,0.565,24.2,3.2,5.9,0.537,0.3,1.3,0.266,1.4,1.9,0.714,1.9,2.9,4.8,1.3,0.8,0.9,0.7,0.4,2.1,1.6,8.1,-0.1,19.7,2,0,17.7,131,116,183,213,193,238,284,94,417,416,431,206,197,377,69,213,149,334,316,154,92,230,175,207,264,258,232,146,28,252,1
1642270,Donovan Clingan,Donovan,1610612757,POR,22.0,69,36,33,0.522,27.2,4.7,9.0,0.526,1.1,3.2,0.338,1.9,2.8,0.677,4.6,7.2,11.8,2.2,1.2,0.6,1.7,0.5,2.3,2.4,12.4,0.2,35.3,33,0,31.9,46,105,96,274,142,135,162,106,239,225,270,144,119,425,2,15,3,214,215,303,9,152,113,129,150,234,54,7,28,71,1
1628378,Donovan Mitchell,Donovan,1610612739,CLE,29.0,65,41,24,0.631,33.5,9.7,20.2,0.478,3.3,9.0,0.365,5.3,6.1,0.859,0.7,3.8,4.5,5.8,2.8,1.5,0.3,0.7,2.4,4.7,27.9,5.4,44.5,5,0,45.1,87,48,228,129,28,9,5,205,11,6,197,22,26,109,292,128,162,32,28,22,289,98,97,27,7,33,12,91,28,12,1
1628978,Donte DiVincenzo,Donte,1610612750,MIN,29.0,73,45,28,0.616,30.9,4.2,10.2,0.411,3.0,7.8,0.383,1.0,1.3,0.761,0.9,3.5,4.3,4.0,1.5,1.4,0.4,0.2,2.5,1.5,12.3,4.8,27.2,1,0,27.1,7,30,162,147,71,172,137,424,18,16,137,292,294,301,223,145,171,72,151,45,217,407,92,224,152,44,126,183,28,118,1
1627827,Dorian Finney-Smith,Dorian,1610612745,HOU,32.0,35,21,14,0.6,16.9,1.1,3.4,0.317,0.7,2.7,0.269,0.2,0.2,0.857,0.9,1.6,2.5,1.0,0.6,0.4,0.2,0.1,1.7,0.2,3.1,-0.5,8.7,0,0,8.5,367,266,379,167,336,470,410,536,317,276,429,506,515,114,209,375,341,391,378,401,378,447,277,518,460,285,439,252,28,440,1
203926,Doug McDermott,Doug,1610612758,SAC,34.0,22,5,17,0.227,14.0,1.8,4.4,0.417,1.6,4.0,0.402,0.1,0.1,1.0,0.2,0.9,1.0,0.6,0.4,0.2,0.1,0.0,0.7,0.0,5.3,-3.0,8.1,0,0,9.2,424,458,337,499,384,379,358,411,133,171,88,527,533,1,513,487,500,459,465,503,413,508,497,547,365,452,455,252,28,423,1
1642962,Drake Powell,Drake,1610612751,BKN,20.0,55,13,42,0.236,19.9,2.1,5.2,0.413,0.8,2.7,0.284,1.0,1.1,0.905,0.3,1.3,1.7,1.5,1.0,0.5,0.2,0.4,1.4,0.7,6.1,-6.6,11.4,0,0,11.3,214,370,38,494,271,348,322,421,305,269,414,262,312,47,442,419,442,303,276,375,366,250,348,391,333,545,388,252,28,378,1
203110,Draymond Green,Draymond,1610612744,GSW,36.0,60,29,31,0.483,27.4,3.1,7.5,0.416,1.5,4.7,0.323,0.8,1.2,0.685,0.8,4.8,5.6,5.3,2.7,0.9,0.6,0.3,2.9,1.6,8.5,-1.9,24.8,2,0,23.8,154,180,114,331,136,246,216,415,152,124,329,316,302,415,251,69,97,42,33,163,120,334,34,204,245,393,150,146,28,155,1
1629234,Drew Eubanks,Drew,1610612758,SAC,29.0,42,10,32,0.238,13.1,2.2,3.7,0.596,0.0,0.2,0.143,0.8,1.4,0.561,0.9,2.1,3.0,0.5,0.7,0.4,0.6,0.3,1.4,1.2,5.2,-3.7,11.7,1,0,10.7,319,402,105,492,404,340,396,55,489,507,485,339,276,495,202,306,288,509,356,433,113,341,368,276,370,484,377,183,28,390,1
1641809,Drew Peterson,Drew,1610612766,CHA,26.0,6,1,5,0.167,10.7,0.3,2.7,0.125,0.0,2.0,0.0,0.2,0.3,0.5,0.5,1.0,1.5,0.3,0.0,0.5,0.2,0.0,0.5,0.5,0.8,-1.7,5.1,0,0,4.0,499,525,482,530,445,553,459,561,497,333,497,507,485,507,370,461,464,524,543,356,380,516,530,435,557,374,511,252,28,528,1
1631166,Drew Timme,Drew,1610612747,LAL,25.0,21,13,8,0.619,8.5,1.4,2.4,0.588,0.4,0.9,0.421,0.2,0.3,0.571,0.4,0.9,1.3,0.8,0.3,0.2,0.0,0.2,0.6,0.3,3.4,0.9,6.5,0,0,6.3,428,370,440,144,481,420,478,58,410,450,55,497,485,491,404,489,482,437,486,483,510,409,514,491,445,183,481,252,28,478,1
1630696,Dru Smith,Dru,1610612748,MIA,28.0,67,36,31,0.537,16.8,2.0,4.8,0.417,0.6,1.9,0.302,1.3,1.5,0.832,0.9,1.7,2.6,2.7,0.8,1.5,0.3,0.5,1.6,1.3,5.8,-0.7,17.4,0,0,15.1,70,105,114,254,338,363,340,409,361,345,391,225,250,155,213,372,338,167,327,30,269,198,304,262,343,304,269,252,28,302,1
1629130,Duncan Robinson,Duncan,1610612765,DET,31.0,70,51,19,0.729,27.7,4.0,9.1,0.443,2.8,7.1,0.403,1.0,1.4,0.76,0.4,2.3,2.7,2.1,0.7,0.6,0.3,0.2,2.2,1.5,11.9,6.3,20.3,0,0,21.3,31,5,306,55,130,182,160,328,21,27,85,258,270,302,420,274,317,222,365,317,266,389,142,220,158,20,224,252,28,193,1
1641871,Duop Reath,Duop,1610612757,POR,29.0,32,16,16,0.5,8.1,1.0,2.3,0.446,0.7,1.7,0.418,0.2,0.2,0.833,0.3,0.9,1.2,0.3,0.2,0.2,0.3,0.1,0.9,0.2,2.9,-1.2,5.8,0,0,6.0,381,327,346,293,488,475,485,318,316,364,60,512,518,148,457,486,490,533,520,520,311,498,472,530,468,344,495,252,28,486,1
203939,Dwight Powell,Dwight,1610612742,DAL,34.0,54,16,38,0.296,13.5,1.0,1.5,0.663,0.0,0.1,0.333,1.2,1.7,0.681,1.4,2.3,3.7,0.9,0.6,0.5,0.3,0.2,1.9,1.7,3.2,0.7,10.9,3,0,9.5,228,327,58,442,395,476,528,23,493,517,285,234,220,420,116,278,220,402,398,380,242,415,220,196,454,187,399,117,28,417,1
1642928,Dylan Cardwell,Dylan,1610612758,SAC,24.0,36,10,26,0.278,20.5,2.3,3.9,0.579,0.0,0.0,0.0,0.7,1.3,0.521,3.3,4.4,7.7,1.3,0.8,0.7,1.4,0.5,3.5,1.2,5.2,-1.0,21.6,3,0,18.3,358,402,201,454,260,333,384,62,497,523,497,360,277,505,13,86,38,328,320,265,22,155,7,286,373,334,201,117,28,244,1
1642844,Dylan Harper,Dylan,1610612759,SAS,20.0,60,46,14,0.767,22.3,4.7,9.4,0.495,0.8,2.6,0.316,1.4,1.8,0.745,0.7,2.7,3.4,3.9,1.4,0.8,0.3,0.8,1.9,1.4,11.5,4.3,23.3,0,0,21.8,154,21,379,38,225,141,150,170,295,278,351,208,206,338,297,231,251,77,175,218,242,48,221,242,170,51,169,252,28,182,1
1630700,Dyson Daniels,Dyson,1610612737,ATL,23.0,70,40,30,0.571,33.2,5.3,10.2,0.516,0.2,1.5,0.155,1.0,1.6,0.615,2.4,4.3,6.7,5.9,1.8,1.9,0.4,0.5,2.1,1.7,11.7,3.1,33.9,12,1,29.3,31,55,130,200,38,111,136,121,442,399,483,293,238,469,43,89,59,31,104,8,181,145,163,194,166,82,63,42,21,100,1
1630604,E.J. Liddell,E.J.,1610612751,BKN,25.0,19,2,17,0.105,9.1,1.0,2.5,0.396,0.4,1.5,0.241,0.2,0.3,0.6,0.3,1.5,1.8,0.7,0.4,0.2,0.4,0.2,1.2,0.4,2.5,-1.4,6.9,0,0,6.4,438,504,337,548,472,477,467,464,411,392,447,510,506,478,456,398,424,451,475,516,228,439,414,483,490,358,474,252,28,477,1
1642856,Egor Dëmin,Egor,1610612751,BKN,20.0,52,14,38,0.269,25.2,3.4,8.6,0.399,2.4,6.2,0.385,1.0,1.3,0.831,0.4,2.8,3.2,3.3,1.7,0.8,0.3,0.3,1.8,1.2,10.3,-3.1,20.9,1,0,21.5,238,356,58,463,180,216,174,459,53,55,130,261,296,158,419,222,277,118,128,198,252,299,255,285,192,460,217,183,28,190,1
1641989,Elijah Harkless,Elijah,1610612762,UTA,26.0,24,5,19,0.208,19.9,2.0,5.8,0.353,0.8,3.2,0.25,1.9,2.5,0.754,0.3,1.5,1.8,2.8,1.0,1.2,0.2,0.3,2.0,2.8,6.8,0.0,16.3,1,0,15.0,415,458,306,511,275,354,287,514,301,226,437,140,134,313,446,392,419,146,249,65,380,315,216,90,306,246,286,183,28,304,1
1641801,Emanuel Miller,Emanuel,1610612759,SAS,25.0,5,0,5,0.0,6.6,1.2,2.6,0.462,0.4,1.2,0.333,0.2,0.4,0.5,0.2,0.4,0.6,0.8,0.0,0.4,0.0,0.0,0.4,0.2,3.0,-3.8,6.1,0,0,5.6,516,551,482,551,507,457,464,258,403,423,285,493,472,507,503,544,542,427,543,409,510,516,542,524,461,487,487,252,28,490,1
1642402,Enrique Freeman,Enrique,1610612750,MIN,25.0,2,1,1,0.5,4.0,0.0,0.0,0.0,0.0,0.0,0.0,0.0,0.0,0.0,0.0,1.5,1.5,0.0,0.0,0.0,0.5,0.0,0.0,0.0,0.0,4.0,3.3,0,0,2.5,552,525,539,293,551,562,571,562,497,528,497,537,539,537,542,392,464,558,543,541,150,516,568,548,567,57,542,252,28,554,1
201569,Eric Gordon,Eric,1610612755,PHI,37.0,6,3,3,0.5,12.3,2.0,3.5,0.571,1.3,2.3,0.571,0.2,0.3,0.5,0.2,0.2,0.3,0.5,0.5,0.7,0.2,0.2,0.5,0.2,5.5,-5.2,8.7,0,0,9.3,499,484,516,293,419,355,403,66,180,299,11,507,485,507,517,556,555,490,431,265,380,426,530,532,355,531,443,252,28,420,1
1630679,Ethan Thompson,Ethan,1610612754,IND,26.0,24,5,19,0.208,17.4,1.8,5.0,0.367,1.0,3.1,0.307,0.5,0.7,0.706,0.5,1.3,1.8,1.5,0.7,0.6,0.3,0.3,2.0,1.0,5.1,-0.2,11.5,0,0,11.1,415,458,306,511,325,376,332,504,270,233,383,411,402,388,370,422,419,301,367,288,311,315,187,320,376,264,385,252,28,383,1
1630596,Evan Mobley,Evan,1610612739,CLE,24.0,59,36,23,0.61,32.3,7.2,13.3,0.54,1.0,3.4,0.303,2.8,4.6,0.604,2.4,6.5,8.9,3.6,1.9,0.8,1.8,0.8,2.5,3.5,18.2,3.7,40.1,24,0,36.9,171,105,243,155,47,42,68,90,243,210,387,84,49,476,42,22,22,98,95,212,7,54,79,60,62,69,29,14,28,38,1
1630532,Franz Wagner,Franz,1610612753,ORL,24.0,28,16,12,0.571,31.8,7.3,15.3,0.479,1.5,4.1,0.365,5.1,6.2,0.828,1.5,4.3,5.8,3.6,1.7,1.1,0.3,1.0,2.3,4.7,21.3,1.3,36.1,0,0,34.9,397,327,404,200,53,38,43,204,152,159,193,25,22,164,107,96,84,101,118,101,258,25,130,26,32,163,48,252,28,47,1
1641713,GG Jackson,GG,1610612763,MEM,21.0,50,15,35,0.3,21.3,4.5,9.1,0.493,1.1,3.5,0.326,1.9,2.6,0.723,0.9,3.4,4.3,1.4,1.5,0.6,0.8,0.6,1.4,1.8,12.0,-2.0,21.9,1,0,21.6,254,346,79,440,246,150,159,172,219,197,323,145,131,367,216,154,173,323,154,300,79,132,346,184,155,399,198,183,28,187,1
1629216,Gabe Vincent,Gabe,1610612737,ATL,29.0,46,31,15,0.674,16.9,1.5,4.3,0.343,1.2,3.4,0.335,0.4,0.4,0.944,0.3,0.7,1.0,1.4,0.4,0.5,0.0,0.2,1.5,0.5,4.5,0.6,8.8,0,0,9.0,297,162,360,86,335,417,365,520,214,204,283,445,477,33,462,524,516,320,464,381,497,380,328,431,397,205,437,252,28,428,2
202066,Garrett Temple,Garrett,1610612761,TOR,39.0,19,8,11,0.421,3.4,0.2,0.7,0.231,0.1,0.5,0.2,0.3,0.5,0.667,0.1,0.4,0.4,0.4,0.4,0.2,0.1,0.1,0.3,0.4,0.7,-0.6,2.3,0,0,2.2,438,420,416,370,563,561,560,553,472,476,468,465,456,427,541,547,550,514,475,516,444,504,549,483,562,300,560,252,28,560,1
1629726,Garrison Mathews,Garrison,1610612754,IND,29.0,15,4,11,0.267,13.1,1.4,3.5,0.404,1.1,3.1,0.37,1.3,1.5,0.826,0.1,1.0,1.1,0.7,0.2,0.4,0.2,0.1,1.3,1.5,5.2,-0.1,9.2,0,0,9.3,457,471,416,467,407,426,407,449,222,240,182,221,243,166,528,461,496,453,522,409,340,459,383,236,371,261,431,252,28,420,1
203914,Gary Harris,Gary,1610612749,MIL,31.0,45,15,30,0.333,13.7,0.9,2.0,0.451,0.6,1.4,0.419,0.2,0.2,0.889,0.3,1.0,1.2,1.0,0.4,0.6,0.2,0.1,1.1,0.1,2.6,-2.4,7.3,0,0,6.8,303,346,130,421,391,495,504,300,356,409,58,505,515,66,468,479,485,373,468,332,400,496,431,541,488,420,463,252,28,471,1
1627780,Gary Payton II,Gary,1610612744,GSW,33.0,65,31,34,0.477,15.0,3.1,5.5,0.569,0.6,1.8,0.308,0.3,0.5,0.6,1.4,2.2,3.5,1.7,0.9,0.9,0.3,0.2,1.8,0.5,7.1,-1.9,16.6,2,0,15.2,87,162,85,337,367,243,303,72,365,355,373,475,458,478,120,295,237,263,306,164,284,384,259,461,291,396,284,146,28,299,1
1629018,Gary Trent Jr.,Gary,1610612749,MIL,27.0,60,23,37,0.383,21.1,2.6,6.9,0.375,1.8,5.1,0.354,0.6,0.8,0.778,0.1,0.9,1.0,1.2,0.5,0.5,0.1,0.2,1.3,0.7,7.6,-5.3,11.7,0,0,12.7,154,236,69,396,250,293,236,493,106,102,235,393,395,272,534,483,504,349,427,378,490,389,387,398,276,535,379,252,28,353,1
203507,Giannis Antetokounmpo,Giannis,1610612749,MIL,31.0,36,17,19,0.472,28.9,10.4,16.6,0.624,0.4,1.3,0.333,6.4,9.9,0.65,2.7,7.1,9.8,5.4,3.2,0.9,0.7,1.0,2.4,8.1,27.6,2.7,49.1,19,0,46.4,358,316,306,341,113,3,26,39,400,419,285,8,2,444,28,17,16,39,16,143,101,30,95,1,9,93,8,21,28,7,1
1629048,Goga Bitadze,Goga,1610612753,ORL,26.0,55,28,27,0.509,15.0,2.3,3.4,0.686,0.0,0.2,0.182,1.0,1.4,0.696,2.0,2.7,4.7,1.3,0.6,0.6,0.9,0.2,2.1,1.4,5.7,0.4,17.3,1,0,14.8,214,186,183,285,369,330,413,14,484,502,478,270,261,404,58,226,152,333,404,300,50,416,178,244,352,219,270,183,28,311,1
1641711,Gradey Dick,Gradey,1610612761,TOR,22.0,67,37,30,0.552,15.0,2.2,5.3,0.417,0.8,2.7,0.3,1.1,1.2,0.88,0.6,1.5,2.1,0.7,0.6,0.6,0.1,0.3,1.4,0.9,6.3,1.6,11.6,1,0,11.4,70,91,130,231,368,341,316,410,299,270,392,255,298,80,345,391,391,446,402,280,445,311,359,341,330,137,381,183,28,375,1
1641761,Grant Nelson,Grant,1610612751,BKN,24.0,4,0,4,0.0,8.8,1.3,2.3,0.556,0.0,0.0,0.0,1.8,2.5,0.7,0.3,1.3,1.5,1.3,1.0,0.3,1.3,0.5,1.5,2.0,4.3,-1.8,11.4,0,0,10.0,530,551,490,551,478,449,488,80,497,528,497,157,139,396,483,428,464,341,254,476,28,171,328,156,407,379,386,252,28,400,1
1629684,Grant Williams,Grant,1610612766,CHA,27.0,29,21,8,0.724,19.2,2.1,4.9,0.426,1.3,3.6,0.379,1.3,1.5,0.841,1.1,2.7,3.8,1.7,0.9,0.4,0.4,0.1,1.6,1.4,6.8,6.2,15.4,0,0,15.2,394,266,440,58,291,353,336,383,179,192,150,219,246,135,165,229,215,267,284,422,174,456,299,243,309,22,314,252,28,300,1
1628960,Grayson Allen,Grayson,1610612756,PHX,30.0,45,24,21,0.533,29.7,5.6,13.6,0.407,3.3,9.3,0.356,2.8,3.3,0.859,0.7,2.3,3.0,4.1,1.6,1.4,0.3,0.6,2.2,3.1,17.3,0.8,30.4,0,0,31.0,303,226,273,261,96,100,63,438,10,5,229,78,95,111,306,275,289,68,134,44,296,107,149,72,70,184,98,252,28,81,1
1627824,Guerschon Yabusele,Guerschon,1610612741,CHI,30.0,60,30,30,0.5,13.8,1.7,4.2,0.407,1.0,2.6,0.373,0.7,0.9,0.741,0.8,2.5,3.3,0.9,0.6,0.4,0.2,0.3,1.1,0.7,5.1,-1.8,11.5,4,0,11.4,154,169,130,293,388,392,371,439,264,278,168,365,367,347,264,257,267,408,393,419,331,323,423,406,377,386,384,102,28,377,2
1630611,Gui Santos,Gui,1610612744,GSW,23.0,62,28,34,0.452,19.7,3.2,6.4,0.505,1.1,3.2,0.352,1.1,1.6,0.701,1.1,2.7,3.8,2.2,1.5,0.9,0.4,0.4,2.0,1.7,8.6,0.5,18.7,3,0,18.2,131,186,85,355,279,232,264,138,227,229,242,251,237,395,168,227,214,204,158,170,235,258,218,200,240,207,242,117,28,247,1
203084,Harrison Barnes,Harrison,1610612759,SAS,33.0,68,50,18,0.735,26.3,3.5,7.8,0.452,1.9,4.9,0.388,1.4,1.6,0.838,0.8,2.1,2.9,2.0,0.8,0.7,0.2,0.3,1.1,1.3,10.3,4.0,18.4,0,0,18.7,60,6,319,52,158,212,202,296,97,112,121,207,227,140,244,307,298,226,317,274,394,325,426,258,194,56,250,252,28,234,1
1631127,Harrison Ingram,Harrison,1610612759,SAS,23.0,5,4,1,0.8,3.5,0.8,1.0,0.8,0.2,0.2,1.0,0.0,0.0,0.0,0.6,0.0,0.6,0.2,0.0,0.0,0.0,0.0,0.4,0.0,1.8,-0.8,2.8,0,0,2.8,516,471,539,24,560,507,548,4,448,502,1,537,539,537,333,559,542,548,543,541,510,516,542,548,524,317,556,252,28,550,1
1629312,Haywood Highsmith,Haywood,1610612756,PHX,29.0,6,3,3,0.5,13.4,1.7,3.3,0.5,1.3,2.2,0.615,0.8,1.0,0.833,1.0,1.2,2.2,1.2,0.0,0.7,0.0,0.3,1.3,0.7,5.5,1.3,11.9,0,0,11.5,499,484,516,293,398,395,416,150,180,315,7,316,339,148,179,440,384,355,543,265,510,280,371,401,355,157,375,252,28,370,1
1630529,Herbert Jones,Herbert,1610612740,NOP,27.0,51,22,29,0.431,29.1,3.4,8.7,0.39,1.5,4.7,0.31,0.9,1.1,0.81,0.9,2.6,3.5,2.9,1.3,1.6,0.5,0.5,3.2,1.2,9.2,-0.7,22.8,0,0,21.2,246,248,146,364,106,218,171,472,161,121,367,301,316,208,228,239,242,145,200,15,165,182,21,283,225,307,180,252,28,196,1
1642864,Hugo González,Hugo,1610612738,BOS,20.0,68,46,22,0.676,15.1,1.6,3.4,0.47,0.6,1.6,0.349,0.2,0.4,0.5,0.9,2.6,3.4,0.6,0.5,0.6,0.3,0.3,1.7,0.8,4.0,3.7,11.0,2,0,10.3,60,21,262,83,365,402,411,235,363,378,250,496,480,507,235,245,248,474,429,331,274,325,268,382,423,68,397,146,28,395,1
1630621,Hunter Dickinson,Hunter,1610612740,NOP,25.0,1,0,1,0.0,4.7,1.0,2.0,0.5,0.0,0.0,0.0,0.0,0.0,0.0,0.0,0.0,0.0,0.0,2.0,0.0,1.0,0.0,2.0,0.0,2.0,-12.0,3.0,0,0,4.0,564,551,539,551,539,477,505,150,497,528,497,537,539,537,542,559,563,558,81,541,45,516,196,548,508,569,552,252,28,528,1
1642282,Hunter Sallis,Hunter,1610612755,PHI,23.0,7,3,4,0.429,3.7,0.4,0.7,0.6,0.0,0.0,0.0,0.1,0.3,0.5,0.0,0.1,0.1,0.6,0.7,0.0,0.1,0.0,0.3,0.3,1.0,-1.9,1.7,0,0,2.0,492,484,490,366,557,545,559,47,497,528,497,515,500,507,542,557,562,475,356,541,406,516,552,503,549,389,564,252,28,561,1
1641816,Hunter Tyson,Hunter,1610612743,DEN,25.0,21,15,6,0.714,7.7,0.7,2.5,0.269,0.3,1.6,0.212,0.5,0.6,0.846,0.2,1.5,1.7,0.8,0.2,0.1,0.0,0.3,0.6,0.4,2.2,-1.1,5.7,0,0,5.3,428,346,465,63,495,525,472,549,418,383,464,403,427,126,512,389,435,425,517,534,492,321,514,480,501,339,501,252,28,497,1
1630193,Immanuel Quickley,Immanuel,1610612761,TOR,26.0,67,38,29,0.567,32.4,5.9,13.2,0.445,2.6,6.9,0.374,2.5,3.1,0.821,0.5,3.5,4.1,6.0,1.5,1.3,0.1,0.6,2.0,2.8,16.9,1.4,33.4,8,0,32.3,70,84,146,208,45,83,73,322,37,31,166,98,101,176,359,141,188,29,146,51,472,113,192,89,78,150,70,62,28,68,1
1642403,Isaac Jones,Isaac,1610612765,DET,25.0,6,4,2,0.667,4.4,0.5,1.0,0.5,0.0,0.3,0.0,0.2,0.3,0.5,0.3,0.5,0.8,0.2,0.0,0.0,0.2,0.0,0.7,0.2,1.2,-3.2,2.9,0,0,2.5,499,471,523,92,543,535,548,150,497,492,497,507,485,507,446,534,523,553,543,541,380,516,501,532,546,462,553,252,28,554,2
1630171,Isaac Okoro,Isaac,1610612741,CHI,25.0,56,25,31,0.446,26.8,3.3,7.3,0.451,1.2,3.5,0.332,1.4,1.8,0.796,1.1,1.6,2.7,1.6,0.7,0.7,0.4,0.5,2.5,1.7,9.1,-4.8,17.3,0,0,16.8,203,216,114,358,150,228,229,299,213,197,307,203,217,233,161,378,317,282,353,262,181,196,80,198,229,518,271,252,28,266,1
1642268,Isaiah Collier,Isaiah,1610612762,UTA,21.0,59,16,43,0.271,25.7,4.3,8.7,0.495,0.5,1.7,0.27,2.6,3.5,0.722,0.4,2.2,2.5,7.2,2.5,1.1,0.3,0.9,2.3,2.6,11.7,-7.5,27.3,10,0,24.7,171,327,30,461,171,163,170,167,391,368,427,96,82,369,437,294,342,11,44,89,240,35,107,109,167,558,125,53,28,140,1
1642384,Isaiah Crawford,Isaiah,1610612745,HOU,24.0,12,6,6,0.5,6.0,0.5,1.3,0.375,0.2,0.8,0.222,0.3,0.3,0.75,0.2,0.7,0.8,0.3,0.2,0.2,0.3,0.1,0.3,0.5,1.4,-0.2,4.0,0,0,3.6,465,445,465,293,522,535,537,493,456,458,457,479,485,318,517,515,523,524,530,508,311,486,554,435,538,264,531,252,28,537,1
1628392,Isaiah Hartenstein,Isaiah,1610612760,OKC,27.0,41,33,8,0.805,24.9,4.1,6.6,0.622,0.0,0.2,0.0,1.4,2.3,0.594,3.2,6.3,9.5,3.8,1.8,1.0,0.8,0.4,2.6,2.2,9.6,6.9,30.2,11,1,26.4,326,138,440,22,182,177,252,40,497,506,497,204,156,482,15,23,18,88,100,113,78,245,58,141,213,18,102,47,21,122,1
1630543,Isaiah Jackson,Isaiah,1610612746,LAC,24.0,55,20,35,0.364,16.5,2.7,4.3,0.637,0.0,0.1,0.0,1.2,1.9,0.648,2.1,3.2,5.3,0.9,1.1,0.7,0.9,0.3,2.7,1.5,6.7,-0.9,18.1,7,0,16.0,214,280,79,402,342,284,364,33,497,518,497,228,200,446,56,170,111,395,246,276,56,348,53,234,311,326,260,67,28,281,2
1630198,Isaiah Joe,Isaiah,1610612760,OKC,26.0,64,49,15,0.766,21.8,3.4,7.7,0.442,2.4,6.0,0.408,1.6,1.8,0.888,0.5,2.2,2.7,1.4,0.6,0.7,0.2,0.3,1.8,2.0,10.8,4.6,18.1,0,0,19.1,98,8,360,40,239,219,206,331,48,65,72,177,207,70,381,296,327,311,379,245,377,350,261,156,185,48,259,252,28,228,1
1630587,Isaiah Livers,Isaiah,1610612756,PHX,27.0,36,21,15,0.583,9.6,0.6,1.8,0.344,0.3,1.1,0.3,0.3,0.3,0.75,0.5,1.2,1.7,0.6,0.3,0.4,0.2,0.2,0.8,0.2,1.8,0.3,6.1,0,0,5.6,358,266,360,192,467,530,521,518,418,429,392,479,485,318,363,440,440,471,486,431,329,402,486,519,523,222,486,252,28,491,1
1641815,Isaiah Stevens,Isaiah,1610612758,SAC,25.0,3,0,3,0.0,14.3,1.0,2.3,0.429,0.0,0.3,0.0,1.3,1.3,1.0,0.7,0.3,1.0,3.3,0.7,1.7,0.0,0.7,0.7,0.7,3.3,-3.0,13.9,0,0,11.0,544,551,516,551,382,477,482,375,497,492,497,213,277,1,309,549,505,117,367,12,510,93,501,401,448,452,340,252,28,384,1
1630191,Isaiah Stewart,Isaiah,1610612765,DET,24.0,55,39,16,0.709,23.2,3.8,7.0,0.541,0.7,2.1,0.333,1.7,2.3,0.76,1.7,3.4,5.1,1.2,1.1,0.3,1.6,0.4,2.8,2.1,10.0,0.7,22.5,2,0,20.9,214,65,346,69,208,192,234,88,319,321,285,161,162,303,83,148,122,347,227,473,11,219,38,147,202,188,187,146,28,199,1
1627826,Ivica Zubac,Ivica,1610612754,IND,29.0,48,17,31,0.354,30.1,6.0,10.0,0.598,0.0,0.0,0.0,2.1,3.0,0.711,3.4,7.2,10.6,2.2,1.8,0.4,0.8,0.7,2.3,3.1,14.1,-1.0,31.9,24,0,29.3,271,316,114,408,85,75,139,53,497,528,497,124,109,381,11,11,11,210,109,424,67,79,108,74,111,329,82,14,28,98,2
1631120,JD Davison,JD,1610612745,HOU,23.0,25,20,5,0.8,7.3,0.8,2.2,0.389,0.3,1.1,0.286,0.2,0.4,0.556,0.1,0.8,0.9,1.1,0.3,0.2,0.2,0.1,0.6,0.4,2.2,-0.2,5.8,0,0,5.3,410,280,482,24,497,503,498,473,423,428,410,493,483,497,537,490,517,362,504,496,395,488,508,486,500,263,496,252,28,500,1
1629630,Ja Morant,Ja,1610612763,MEM,26.0,20,7,13,0.35,28.4,6.6,16.1,0.41,1.0,4.3,0.235,5.3,5.9,0.897,0.4,2.9,3.3,8.1,3.6,1.0,0.3,0.9,2.0,4.2,19.5,-2.5,35.8,8,0,34.4,433,432,390,409,118,60,34,428,248,148,450,23,29,54,420,214,267,7,8,117,279,36,196,37,50,425,52,62,28,49,1
1642266,Ja'Kobe Walter,Ja'Kobe,1610612761,TOR,21.0,62,35,27,0.565,19.2,2.3,5.3,0.443,1.4,3.4,0.394,1.0,1.2,0.838,0.7,1.6,2.4,1.1,0.5,1.0,0.2,0.3,2.2,1.1,7.0,-1.6,14.4,0,0,14.1,131,116,183,213,292,324,318,327,176,203,103,270,304,140,284,374,360,368,431,139,354,301,147,306,295,372,329,252,28,326,1
1631095,Jabari Smith Jr.,Jabari,1610612745,HOU,22.0,69,41,28,0.594,35.2,5.6,12.5,0.45,2.2,6.1,0.356,2.1,2.7,0.771,1.5,5.5,7.0,1.9,1.4,0.8,0.9,0.7,2.5,2.1,15.5,2.6,30.4,14,0,30.0,46,48,162,179,8,95,83,304,63,59,228,125,124,283,101,37,52,242,176,208,53,89,88,149,92,96,97,34,28,91,1
1631133,Jabari Walker,Jabari,1610612755,PHI,23.0,60,34,26,0.567,12.4,1.6,3.5,0.448,0.5,1.6,0.33,0.8,1.1,0.75,1.2,1.9,3.1,0.6,0.4,0.4,0.2,0.4,1.7,0.9,4.5,0.5,10.4,2,0,9.8,154,126,201,209,418,406,403,315,373,385,314,330,327,318,148,330,280,483,456,419,331,263,284,346,399,213,405,146,28,404,1
1631210,Jacob Toppin,Jacob,1610612737,ATL,25.0,5,3,2,0.6,3.4,0.8,1.2,0.667,0.0,0.0,0.0,0.0,0.0,0.0,0.0,0.2,0.2,0.2,0.0,0.0,0.2,0.0,0.2,0.2,1.6,2.6,2.7,0,0,2.4,516,484,523,167,562,507,543,16,497,528,497,537,539,537,542,551,559,548,543,541,340,516,561,524,530,97,558,252,28,558,1
1630702,Jaden Hardy,Jaden,1610612764,WAS,23.0,51,13,38,0.255,15.4,3.1,7.4,0.427,1.7,4.4,0.394,1.0,1.3,0.754,0.3,1.2,1.5,0.9,1.1,0.3,0.1,0.4,1.5,1.1,9.0,-1.3,12.2,0,0,13.9,246,370,58,475,361,240,221,381,114,135,106,290,289,314,466,432,460,409,236,472,453,273,334,309,231,349,369,252,28,331,2
1631093,Jaden Ivey,Jaden,1610612741,CHI,24.0,37,23,14,0.622,18.1,3.1,6.9,0.445,1.4,3.6,0.373,1.0,1.3,0.809,0.6,1.8,2.5,1.8,1.1,0.6,0.4,0.5,1.4,1.1,8.5,0.7,16.1,0,0,16.2,354,236,379,141,309,249,238,320,177,187,170,264,291,210,319,353,354,248,233,289,222,161,349,305,244,191,289,252,28,275,2
1630183,Jaden McDaniels,Jaden,1610612750,MIN,25.0,71,43,28,0.606,31.9,5.6,10.9,0.518,1.4,3.4,0.421,2.1,2.5,0.839,1.0,3.2,4.2,2.7,1.8,1.1,1.0,0.5,3.4,2.1,14.8,1.9,28.5,0,0,27.4,26,42,162,160,52,93,120,116,163,209,54,130,147,137,173,173,175,154,102,86,48,140,14,146,102,122,114,252,28,116,1
1630256,Jae'Sean Tate,Jae'Sean,1610612745,HOU,30.0,38,26,12,0.684,8.3,1.1,2.2,0.506,0.2,0.7,0.321,0.2,0.2,0.667,0.6,0.7,1.3,0.4,0.3,0.2,0.1,0.1,1.0,0.4,2.6,-1.9,5.5,0,0,5.2,346,207,404,81,485,469,493,135,441,460,333,510,511,427,330,512,479,510,494,484,469,489,444,483,486,391,503,252,28,501,1
1642942,Jahmai Mashack,Jahmai,1610612763,MEM,23.0,24,9,15,0.375,18.7,2.0,5.3,0.381,0.6,2.1,0.28,0.4,0.7,0.529,0.8,1.4,2.2,1.3,1.0,1.2,0.5,0.3,2.0,0.8,5.0,-1.8,13.7,0,0,12.5,415,414,360,399,299,355,321,487,352,324,418,444,402,502,276,409,384,328,278,65,150,350,196,382,380,385,343,252,28,357,1
1642443,Jahmir Young,Jahmir,1610612748,MIA,25.0,11,8,3,0.727,4.6,0.7,2.0,0.364,0.2,0.7,0.25,0.2,0.2,1.0,0.2,0.2,0.4,0.5,0.3,0.1,0.0,0.4,0.5,0.3,1.8,-1.6,3.1,0,0,3.1,469,420,516,56,541,520,505,505,455,462,437,503,520,1,513,555,554,485,506,536,510,265,525,504,522,370,550,252,28,545,1
1643141,Jahmyl Telfort,Jahmyl,1610612746,LAC,24.0,8,2,6,0.25,4.0,0.0,0.5,0.0,0.0,0.5,0.0,0.1,0.5,0.25,0.0,0.4,0.4,0.1,0.1,0.1,0.0,0.0,0.6,0.3,0.1,-0.9,1.0,0,0,0.9,490,504,465,480,550,562,566,562,497,477,497,519,451,534,542,545,552,557,536,524,510,516,512,508,566,322,569,252,28,570,1
1631170,Jaime Jaquez Jr.,Jaime,1610612748,MIA,25.0,67,37,30,0.552,28.2,6.0,11.9,0.502,0.7,2.2,0.295,2.3,3.0,0.759,1.2,3.8,5.0,4.8,2.1,0.7,0.3,0.9,1.9,2.2,14.9,2.5,29.1,5,0,27.4,70,91,130,231,122,77,94,147,335,310,402,110,104,309,137,129,129,57,76,226,281,37,223,137,100,100,109,91,28,115,1
1631222,Jake LaRavia,Jake,1610612747,LAL,24.0,73,47,26,0.644,24.7,3.0,6.5,0.46,1.0,3.0,0.32,1.5,1.9,0.764,1.4,2.4,3.8,1.8,1.0,1.2,0.4,0.3,2.3,1.5,8.4,-0.9,19.6,1,0,18.3,7,16,201,120,185,258,258,265,267,242,340,195,198,296,111,264,207,253,250,68,178,320,116,231,248,327,234,183,28,242,1
1627751,Jakob Poeltl,Jakob,1610612761,TOR,30.0,36,20,16,0.556,25.5,4.5,6.5,0.689,0.0,0.0,0.0,1.4,2.2,0.628,2.7,4.8,7.5,2.1,1.3,0.8,0.7,0.3,3.2,1.9,10.4,0.6,25.8,6,0,23.0,358,280,346,223,177,150,255,13,497,528,497,209,170,460,28,66,42,223,198,200,90,302,23,167,191,203,141,78,28,167,1
1628973,Jalen Brunson,Jalen,1610612752,NYK,29.0,68,46,22,0.676,35.0,9.3,20.0,0.464,2.7,7.2,0.37,4.9,5.8,0.846,0.4,2.9,3.4,6.7,2.3,0.8,0.1,0.7,2.3,5.2,26.2,5.1,40.6,9,0,40.7,60,21,262,83,12,10,6,252,32,23,181,28,30,125,407,206,255,18,55,219,434,97,121,16,13,41,25,58,28,20,1
1631105,Jalen Duren,Jalen,1610612765,DET,22.0,63,44,19,0.698,28.0,7.5,11.6,0.643,0.0,0.0,0.0,4.6,6.1,0.744,3.9,6.7,10.6,1.8,1.8,0.9,0.9,1.2,2.7,4.3,19.5,6.9,38.3,39,0,35.3,110,36,306,74,124,34,102,27,497,528,497,33,25,342,8,19,12,255,112,168,64,8,47,36,49,17,39,4,28,45,1
1630224,Jalen Green,Jalen,1610612756,PHX,24.0,25,13,12,0.52,26.3,6.6,16.2,0.406,2.3,7.4,0.312,2.2,3.0,0.743,0.4,3.2,3.6,2.9,2.2,1.1,0.1,1.2,1.2,2.6,17.7,1.2,27.9,0,0,29.0,410,370,404,276,160,60,31,441,60,19,364,114,108,343,401,172,228,141,63,99,431,9,412,102,66,165,121,252,28,103,1
1630552,Jalen Johnson,Jalen,1610612737,ATL,24.0,65,37,28,0.569,35.4,8.5,17.2,0.492,1.7,4.8,0.353,4.3,5.5,0.786,1.4,8.8,10.3,8.1,3.4,1.3,0.5,1.2,2.1,3.8,22.9,1.7,49.2,43,13,46.4,87,91,162,207,7,19,22,176,125,116,239,37,38,249,109,3,14,6,10,53,168,13,176,49,25,133,7,3,2,8,1
1629618,Jalen Pickett,Jalen,1610612743,DEN,26.0,45,29,16,0.644,16.4,1.9,4.6,0.424,1.0,2.5,0.386,0.3,0.3,0.867,0.4,2.0,2.4,2.3,0.7,0.3,0.1,0.2,0.9,0.4,5.1,-0.4,11.9,0,0,11.6,303,180,346,119,348,368,347,389,266,284,127,471,485,99,420,325,361,201,367,464,461,389,469,488,375,284,373,252,28,369,1
1641771,Jalen Slawson,Jalen,1610612754,IND,26.0,6,0,6,0.0,22.1,2.0,5.5,0.364,1.0,3.2,0.316,1.3,1.5,0.889,0.7,3.2,3.8,2.7,0.8,1.5,1.3,0.3,2.2,1.5,6.3,0.5,22.6,0,0,19.5,499,551,465,551,233,355,302,505,248,226,354,213,251,66,309,177,208,163,320,25,24,280,150,227,327,207,184,252,28,217,1
1630188,Jalen Smith,Jalen,1610612741,CHI,26.0,53,26,27,0.491,20.7,3.7,7.6,0.483,1.5,4.2,0.373,1.3,1.8,0.742,1.8,4.8,6.7,1.2,1.0,0.5,0.8,0.4,2.1,1.8,10.2,1.6,22.8,9,0,22.2,233,207,183,322,259,202,207,196,144,157,171,216,215,345,76,64,60,345,254,390,76,270,169,181,196,138,178,58,28,178,1
1630591,Jalen Suggs,Jalen,1610612753,ORL,24.0,48,28,20,0.583,27.1,4.9,11.3,0.436,2.0,6.1,0.327,1.9,2.2,0.841,0.6,3.1,3.8,5.2,2.5,1.8,0.8,0.4,2.5,2.4,13.7,2.8,31.2,3,1,29.9,271,186,285,192,143,128,109,346,80,60,321,146,165,134,320,181,210,43,42,10,82,209,73,127,119,91,88,117,21,92,1
1631114,Jalen Williams,Jalen,1610612760,OKC,24.0,28,20,8,0.714,28.6,6.6,13.9,0.477,0.8,2.5,0.3,3.2,3.9,0.824,0.7,3.9,4.6,5.4,1.9,1.2,0.3,0.8,2.0,3.1,17.1,5.2,33.3,1,0,30.9,397,280,440,63,115,59,59,216,310,287,392,69,70,173,307,117,156,41,93,74,258,69,190,71,73,39,72,183,28,82,1
1630592,Jalen Wilson,Jalen,1610612751,BKN,25.0,47,8,39,0.17,14.7,1.8,4.7,0.391,1.0,2.8,0.364,1.1,1.4,0.75,0.2,1.5,1.7,0.6,0.6,0.4,0.0,0.3,1.4,1.2,5.8,-3.2,9.5,0,0,10.0,288,420,51,529,372,378,344,470,245,264,200,256,260,318,497,390,434,458,409,421,499,327,354,277,346,463,424,252,28,400,1
1631288,Jamal Cain,Jamal,1610612753,ORL,27.0,31,16,15,0.516,10.1,1.5,3.4,0.452,0.6,1.6,0.388,0.8,0.9,0.857,0.6,1.0,1.6,0.6,0.4,0.2,0.1,0.2,1.2,0.7,4.4,2.3,7.7,0,0,7.8,384,327,360,279,459,413,414,294,344,382,122,337,366,114,322,476,450,473,481,488,483,435,400,387,401,110,459,252,28,452,1
1627750,Jamal Murray,Jamal,1610612743,DEN,29.0,69,42,27,0.609,35.1,8.8,18.2,0.483,3.1,7.4,0.426,4.7,5.3,0.883,0.4,3.9,4.4,7.1,2.3,0.9,0.3,0.8,1.7,4.0,25.4,5.2,42.7,16,0,42.5,46,44,183,157,9,16,15,193,14,20,52,32,40,76,403,118,170,14,56,158,236,53,267,41,16,38,17,27,28,16,1
1642347,Jamal Shead,Jamal,1610612761,TOR,23.0,72,40,32,0.556,22.2,2.2,6.2,0.362,1.0,3.3,0.314,1.0,1.4,0.765,0.3,1.5,1.9,5.2,1.3,0.9,0.2,0.4,2.0,2.0,6.5,1.6,18.5,1,0,16.8,22,55,105,223,230,336,272,509,244,214,360,259,274,293,441,386,415,45,182,155,372,221,194,162,318,141,248,183,28,263,1
1631123,Jamaree Bouyea,Jamaree,1610612756,PHX,26.0,39,19,20,0.487,14.3,2.3,5.1,0.46,0.5,1.7,0.299,0.6,0.8,0.71,0.4,1.4,1.8,1.7,0.6,0.7,0.4,0.4,0.9,0.9,5.7,0.5,13.1,0,0,11.9,339,290,285,328,378,325,328,266,375,365,397,396,387,384,427,404,421,259,403,250,232,227,468,334,350,212,355,252,28,364,1
201935,James Harden,James,1610612739,CLE,36.0,64,36,28,0.563,35.0,7.0,16.2,0.434,3.1,8.3,0.374,6.8,7.7,0.886,0.6,4.4,5.0,8.1,3.6,1.1,0.4,1.2,2.0,4.8,24.0,2.0,43.2,19,2,43.3,98,105,162,216,11,45,32,354,16,12,167,6,8,73,329,87,131,5,7,81,199,11,196,24,20,114,16,21,13,13,2
1630164,James Wiseman,James,1610612754,IND,24.0,4,0,4,0.0,14.6,1.5,2.5,0.6,0.0,0.0,0.0,0.3,0.5,0.5,1.3,0.8,2.0,0.8,1.3,0.0,0.3,0.3,2.5,0.5,3.3,-2.3,6.3,0,0,6.5,530,551,490,551,375,415,469,47,497,528,497,479,451,507,133,503,395,440,205,541,311,350,80,435,452,415,484,252,28,473,1
1642364,Jamir Watkins,Jamir,1610612764,WAS,24.0,40,10,30,0.25,19.6,2.4,5.3,0.448,0.8,2.8,0.295,0.8,1.3,0.627,1.0,2.7,3.7,1.2,0.7,1.1,0.5,0.3,2.6,1.3,6.4,-3.0,16.8,0,0,15.4,331,402,130,480,284,317,313,313,297,265,403,330,288,461,179,234,227,346,358,87,140,350,67,268,325,450,280,252,28,294,1
1642419,Jamison Battle,Jamison,1610612761,TOR,24.0,54,30,24,0.556,9.1,1.3,2.5,0.5,0.6,1.5,0.422,0.1,0.2,0.667,0.4,1.2,1.6,0.4,0.4,0.1,0.0,0.1,0.7,0.2,3.3,2.0,5.9,0,0,6.3,228,169,228,223,473,448,468,150,337,390,53,513,513,427,438,431,454,516,482,530,504,493,499,519,449,116,492,252,28,480,1
1641716,Jarace Walker,Jarace,1610612754,IND,22.0,73,15,58,0.205,25.6,4.0,9.5,0.421,1.7,4.6,0.376,1.8,2.4,0.753,0.6,4.5,5.1,2.4,1.8,0.8,0.3,0.4,1.7,1.6,11.5,-6.2,22.9,3,0,23.0,7,346,1,514,175,184,147,396,116,125,160,153,154,316,326,82,125,191,110,204,251,238,289,205,169,542,176,117,28,165,1
1642272,Jared McCain,Jared,1610612760,OKC,22.0,58,39,19,0.672,17.7,3.1,7.3,0.423,1.6,3.9,0.404,0.8,0.9,0.87,0.3,1.8,2.1,1.4,0.8,0.6,0.1,0.4,1.3,0.8,8.6,2.4,14.3,0,0,14.9,179,65,306,88,318,247,227,391,135,175,83,326,358,95,443,361,389,318,334,336,463,224,384,363,241,106,333,252,28,307,2
1628991,Jaren Jackson Jr.,Jaren,1610612762,UTA,26.0,48,19,29,0.396,30.3,7.1,15.0,0.476,1.8,4.9,0.357,3.4,4.2,0.803,0.9,4.8,5.7,2.0,2.2,1.1,1.4,1.1,3.7,4.0,19.4,-1.3,34.5,3,0,33.9,271,290,146,386,82,44,48,218,113,109,222,57,56,219,232,68,89,235,60,93,20,15,5,43,51,352,57,117,28,54,2
1629020,Jarred Vanderbilt,Jarred,1610612747,LAL,26.0,57,34,23,0.596,17.6,1.7,3.7,0.467,0.5,1.5,0.307,0.5,0.8,0.638,1.3,3.2,4.5,1.2,0.9,0.8,0.3,0.4,1.8,0.9,4.5,-0.2,14.3,1,0,13.0,194,126,243,178,321,385,395,246,389,388,382,402,379,455,128,174,161,344,308,193,264,261,260,355,398,267,332,183,28,347,1
1628386,Jarrett Allen,Jarrett,1610612739,CLE,27.0,52,34,18,0.654,27.4,6.0,9.4,0.64,0.0,0.2,0.1,3.2,4.4,0.727,2.6,5.9,8.5,1.9,1.3,1.0,0.9,0.6,1.8,3.8,15.3,3.7,32.5,19,0,29.4,238,126,319,108,138,74,149,32,492,505,494,64,51,360,32,28,27,245,188,134,63,127,255,47,95,67,79,21,28,97,1
1642859,Jase Richardson,Jase,1610612753,ORL,20.0,48,22,26,0.458,11.3,1.7,3.6,0.477,0.6,1.6,0.368,0.6,0.8,0.75,0.4,0.8,1.2,1.1,0.5,0.3,0.0,0.1,1.0,1.0,4.7,0.6,8.4,0,0,8.3,271,248,201,348,431,387,399,214,352,381,184,384,378,318,412,503,492,360,431,443,500,473,441,331,391,199,452,252,28,443,1
1642914,Javon Small,Javon,1610612763,MEM,23.0,37,12,25,0.324,19.9,3.1,6.7,0.468,1.4,3.2,0.441,1.6,2.0,0.836,0.8,2.4,3.2,3.7,1.4,0.8,0.2,0.7,1.5,1.4,9.3,-1.8,20.4,0,0,19.6,354,380,216,432,274,241,245,241,167,223,38,170,192,144,257,270,278,91,181,221,319,90,336,239,221,382,223,252,28,214,1
1631451,Javonte Cooke,Javonte,1610612757,POR,26.0,19,6,13,0.316,4.9,0.5,2.2,0.22,0.2,1.2,0.13,0.1,0.1,1.0,0.2,0.8,1.0,0.4,0.5,0.3,0.0,0.3,0.3,0.2,1.2,-3.1,3.4,0,0,3.4,438,445,390,433,535,544,499,554,462,422,489,524,532,1,499,500,505,521,442,459,510,339,549,521,545,461,540,252,28,543,1
1629750,Javonte Green,Javonte,1610612765,DET,32.0,73,53,20,0.726,17.7,2.2,5.0,0.443,1.1,2.9,0.366,1.3,1.5,0.83,0.8,1.9,2.7,0.7,0.6,1.2,0.3,0.2,1.3,1.2,6.8,2.5,15.1,1,0,14.4,7,4,285,57,317,337,329,329,240,252,191,220,242,160,267,332,321,450,391,60,277,379,370,274,303,103,320,183,28,320,1
1629637,Jaxson Hayes,Jaxson,1610612747,LAL,25.0,61,40,21,0.656,17.9,2.9,3.8,0.748,0.0,0.0,1.0,1.3,2.0,0.636,1.5,2.6,4.1,0.9,0.4,0.4,0.7,0.2,1.9,1.9,7.0,0.9,16.4,1,0,14.4,140,55,273,106,313,271,388,8,485,521,1,223,191,456,98,246,190,407,458,395,87,432,226,169,294,181,285,183,28,318,1
1630643,Jay Huff,Jay,1610612754,IND,28.0,74,16,58,0.216,20.9,3.5,7.3,0.472,1.4,4.6,0.315,1.0,1.3,0.819,0.9,2.9,3.8,1.4,0.9,0.5,1.8,0.3,2.4,1.3,9.4,-3.7,22.2,1,0,20.7,1,327,1,506,256,213,224,225,164,132,359,260,291,179,230,204,209,322,302,352,5,346,101,267,219,481,193,183,28,203,1
1627759,Jaylen Brown,Jaylen,1610612738,BOS,29.0,65,42,23,0.646,34.3,10.3,21.6,0.477,1.9,5.6,0.342,6.0,7.5,0.802,1.2,5.9,7.0,5.2,3.6,1.0,0.4,1.3,2.7,6.3,28.6,3.8,45.4,13,3,45.5,87,44,243,117,20,4,3,211,94,76,259,13,11,220,147,29,49,47,6,117,204,5,52,6,5,66,10,37,7,11,1
1641740,Jaylen Clark,Jaylen,1610612750,MIN,24.0,61,36,25,0.59,12.5,1.4,3.1,0.435,0.4,1.3,0.317,0.6,1.0,0.639,0.8,1.0,1.8,0.6,0.3,0.6,0.1,0.2,1.2,0.7,3.8,1.5,8.7,0,0,8.1,140,105,216,184,415,435,434,351,398,411,347,379,339,452,263,477,430,478,493,281,422,432,390,388,432,147,442,252,28,446,1
1642377,Jaylen Wells,Jaylen,1610612763,MEM,22.0,69,24,45,0.348,26.4,4.4,10.1,0.431,1.9,5.3,0.353,1.9,2.5,0.784,0.9,2.3,3.2,1.6,1.1,0.9,0.1,0.5,2.1,2.6,12.5,-2.6,20.7,0,0,21.2,46,226,24,410,154,159,138,367,99,93,236,138,143,253,227,276,275,279,240,162,423,181,155,104,146,435,220,252,28,195,1
1631119,Jaylin Williams,Jaylin,1610612760,OKC,23.0,58,47,11,0.81,20.0,2.4,5.6,0.425,1.6,4.1,0.381,1.2,1.5,0.788,0.6,4.9,5.4,2.5,1.1,0.5,0.6,0.2,2.0,1.6,7.5,4.4,20.0,5,0,19.2,179,16,416,21,270,316,300,387,141,163,141,242,257,247,352,61,103,183,239,379,106,411,208,210,279,50,228,91,28,224,1
1642281,Jaylon Tyson,Jaylon,1610612739,CLE,23.0,64,40,24,0.625,27.0,5.0,10.0,0.496,2.0,4.5,0.455,1.2,1.6,0.743,1.8,3.3,5.1,2.2,1.5,0.8,0.4,0.6,2.5,1.5,13.1,1.9,24.7,7,0,24.8,98,55,228,135,147,126,141,163,73,134,29,236,233,344,79,158,121,208,156,210,199,118,77,235,133,121,154,67,28,137,1
1643257,Jayson Kent,Jayson,1610612757,POR,24.0,2,1,1,0.5,3.5,1.0,1.5,0.667,0.5,1.0,0.5,0.0,0.0,0.0,0.0,1.0,1.0,0.0,0.0,0.0,0.0,0.0,0.0,0.0,2.5,1.5,3.7,0,0,4.0,552,525,539,293,561,477,529,16,378,434,15,537,539,537,542,461,505,558,543,541,510,516,568,548,491,144,537,252,28,528,1
1628369,Jayson Tatum,Jayson,1610612738,BOS,28.0,10,8,2,0.8,31.0,6.7,17.5,0.383,2.7,8.9,0.303,3.7,4.3,0.86,0.7,8.8,9.5,3.8,2.2,1.2,0.1,0.4,1.4,3.0,19.8,5.7,38.6,6,0,38.4,479,420,523,24,69,57,19,485,30,7,388,49,54,106,302,4,17,85,63,69,451,233,355,76,46,30,37,78,28,34,1
201145,Jeff Green,Jeff,1610612745,HOU,39.0,26,18,8,0.692,5.3,0.8,2.1,0.407,0.5,1.4,0.324,0.1,0.1,1.0,0.2,0.5,0.7,0.2,0.0,0.0,0.0,0.0,0.3,0.1,2.3,-1.3,3.6,0,0,3.8,406,298,440,77,531,501,502,435,390,405,325,521,531,1,511,533,537,550,542,540,503,512,551,545,498,354,539,252,28,531,1
203924,Jerami Grant,Jerami,1610612757,POR,32.0,56,27,29,0.482,29.8,5.8,12.9,0.453,2.4,6.2,0.387,4.5,5.5,0.816,0.9,2.5,3.5,2.2,2.1,0.7,0.6,1.0,2.5,3.9,18.6,0.0,27.9,0,0,29.3,203,202,146,332,94,85,80,290,52,57,124,35,36,186,202,251,243,212,71,234,117,29,80,46,58,254,120,252,28,99,1
1642847,Jeremiah Fears,Jeremiah,1610612740,NOP,19.0,74,25,49,0.338,24.9,5.0,11.5,0.431,1.1,3.4,0.336,2.0,2.6,0.783,0.7,2.9,3.6,3.2,2.2,1.1,0.3,1.0,1.7,2.3,13.1,-3.5,24.3,2,0,23.9,1,216,5,420,183,125,103,366,217,207,278,135,133,256,305,212,236,124,62,88,254,28,269,132,136,478,156,146,28,151,1
1630526,Jeremiah Robinson-Earl,Jeremiah,1610612742,DAL,25.0,22,8,14,0.364,16.4,1.7,4.5,0.37,0.5,1.9,0.244,0.8,0.8,0.944,1.6,3.0,4.7,0.7,0.5,0.4,0.0,0.5,1.2,0.8,4.6,-3.9,12.1,0,0,11.3,424,420,379,402,347,394,348,502,392,348,446,338,381,33,86,192,153,452,413,407,496,142,405,369,392,493,371,252,28,380,2
1631110,Jeremy Sochan,Jeremy,1610612752,NYK,22.0,40,28,12,0.7,10.6,1.4,2.9,0.491,0.2,1.0,0.237,0.4,0.5,0.7,0.8,1.5,2.3,0.9,0.5,0.4,0.2,0.2,1.4,0.6,3.4,-1.9,8.5,0,0,7.9,331,186,404,73,448,423,451,177,443,447,449,447,451,396,266,388,370,417,431,424,402,373,363,413,446,395,446,252,28,451,2
1630579,Jericho Sims,Jericho,1610612749,MIL,27.0,57,22,35,0.386,18.1,1.9,2.2,0.843,0.0,0.0,0.0,0.5,0.8,0.605,1.8,3.1,4.9,1.1,1.0,0.2,0.2,0.1,1.9,0.9,4.2,-4.5,12.2,3,0,11.2,194,248,79,392,310,372,491,3,497,528,497,426,394,475,78,185,133,357,253,487,327,454,219,343,409,512,367,117,28,381,1
1641724,Jett Howard,Jett,1610612753,ORL,22.0,51,26,25,0.51,12.7,1.9,4.5,0.411,1.0,2.7,0.365,0.7,0.7,0.944,0.4,1.2,1.6,0.9,0.3,0.2,0.2,0.3,1.2,0.5,5.4,-0.6,9.6,0,0,9.6,246,207,216,284,412,374,350,423,265,271,195,365,404,33,416,432,447,414,510,501,350,296,392,452,363,302,423,252,28,413,1
1628975,Jevon Carter,Jevon,1610612753,ORL,30.0,44,20,24,0.455,15.8,2.4,6.0,0.397,1.6,4.3,0.365,0.3,0.4,0.789,0.3,1.4,1.7,1.6,0.7,0.7,0.2,0.2,1.1,0.3,6.6,-0.9,13.0,0,0,13.3,312,280,228,350,355,319,282,462,138,145,194,452,467,245,472,406,437,284,371,260,338,438,430,502,314,328,357,252,28,341,2
202710,Jimmy Butler III,Jimmy,1610612744,GSW,36.0,38,23,15,0.605,31.1,6.3,12.2,0.519,0.8,2.2,0.376,6.5,7.6,0.864,2.3,3.2,5.6,4.9,1.6,1.4,0.2,0.8,1.2,5.5,20.0,4.9,37.4,3,0,34.6,346,236,360,161,64,68,88,111,292,308,157,7,10,102,45,169,99,54,136,32,334,61,397,12,45,43,44,117,28,48,1
1642866,Joan Beringer,Joan,1610612750,MIN,19.0,33,18,15,0.545,6.6,1.2,2.0,0.631,0.0,0.0,0.0,0.3,0.5,0.647,1.0,1.0,1.9,0.2,0.2,0.1,0.4,0.2,1.1,0.5,2.8,1.0,6.9,0,0,6.1,378,298,360,240,505,453,511,36,497,528,497,455,448,447,196,475,409,542,516,527,187,385,428,430,476,170,475,252,28,484,1
1629111,Jock Landale,Jock,1610612737,ATL,30.0,66,34,32,0.515,22.1,4.1,8.1,0.51,1.1,2.8,0.378,1.2,1.8,0.639,2.7,3.0,5.7,1.7,0.9,0.5,0.5,0.5,2.2,2.0,10.5,-1.4,22.0,8,0,21.0,80,126,105,280,232,174,193,126,237,261,155,244,209,454,30,199,90,270,297,349,143,186,150,155,190,356,195,62,28,198,2
204060,Joe Ingles,Joe,1610612750,MIN,38.0,24,12,12,0.5,4.1,0.3,0.5,0.538,0.1,0.3,0.375,0.1,0.1,1.0,0.0,0.4,0.4,0.8,0.4,0.3,0.0,0.0,0.3,0.1,0.8,0.0,3.1,0,0,2.8,415,380,404,293,548,556,565,91,468,492,163,529,535,1,542,545,552,420,474,463,500,516,554,543,560,244,547,252,28,552,1
203954,Joel Embiid,Joel,1610612755,PHI,32.0,34,22,12,0.647,31.1,9.1,18.1,0.501,1.3,4.0,0.333,7.4,8.6,0.859,2.0,5.5,7.5,4.0,3.0,0.6,1.1,1.0,2.1,6.0,26.9,4.7,44.0,8,1,43.1,375,248,404,115,65,13,16,149,185,169,285,4,5,110,66,36,43,71,22,290,39,22,160,9,11,45,15,62,21,15,1
1628381,John Collins,John,1610612746,LAC,28.0,61,28,33,0.459,27.3,5.2,9.4,0.55,1.3,3.2,0.406,1.7,2.2,0.776,1.5,3.8,5.3,1.0,1.3,0.9,0.8,0.6,2.7,2.1,13.3,-0.1,24.7,3,0,24.2,140,186,96,347,140,118,151,84,188,217,77,163,167,276,102,127,113,389,183,172,81,114,48,144,128,262,152,117,28,149,1
1629723,John Konchar,John,1610612762,UTA,30.0,47,17,30,0.362,18.0,1.4,3.0,0.461,0.4,1.7,0.256,0.5,0.7,0.71,1.0,2.7,3.7,1.6,0.6,1.3,0.6,0.1,1.4,0.6,3.7,-2.0,15.7,0,0,13.2,288,316,130,405,312,431,439,263,399,375,436,424,415,384,194,228,222,280,397,48,115,461,360,409,439,398,308,252,28,342,2
1642967,John Poulakidas,John,1610612742,DAL,22.0,5,1,4,0.2,13.6,1.8,4.4,0.409,1.4,3.8,0.368,0.0,0.0,0.0,0.2,2.0,2.2,0.6,0.4,0.6,0.0,0.0,2.2,0.0,5.0,-1.4,9.9,0,0,10.4,516,525,490,516,392,380,355,430,168,178,184,537,539,537,503,320,379,469,468,300,510,516,142,548,379,360,417,252,28,393,1
1642910,John Tonje,John,1610612738,BOS,24.0,3,3,0,1.0,3.7,0.0,0.7,0.0,0.0,0.7,0.0,0.7,0.7,1.0,0.0,0.7,0.7,0.3,0.0,0.0,0.0,0.0,0.3,0.7,0.7,-2.0,2.0,0,0,1.7,544,484,563,1,558,562,561,562,497,467,497,365,408,1,542,515,541,524,543,541,510,516,546,401,563,400,563,252,28,565,1
1641780,Johni Broome,Johni,1610612755,PHI,23.0,11,5,6,0.455,5.0,0.4,2.2,0.167,0.0,0.5,0.0,0.2,0.5,0.333,0.6,0.8,1.5,0.4,0.3,0.3,0.2,0.3,0.6,0.6,0.9,-1.6,4.3,0,0,3.6,469,458,465,350,534,549,495,557,497,484,497,503,445,531,324,494,471,522,506,473,366,330,510,410,556,370,525,252,28,536,1
1642277,Johnny Furphy,Johnny,1610612754,IND,21.0,35,10,25,0.286,18.4,2.0,4.3,0.47,0.7,2.0,0.324,0.5,1.0,0.486,0.9,3.5,4.4,1.2,0.8,0.6,0.2,0.5,1.9,0.8,5.1,-1.7,13.6,1,0,12.9,367,402,216,447,306,355,369,236,334,331,326,419,339,525,209,143,169,354,326,317,340,183,239,374,374,373,346,183,28,349,1
1630548,Johnny Juzang,Johnny,1610612750,MIN,25.0,21,13,8,0.619,4.2,0.8,1.8,0.421,0.3,1.1,0.25,0.2,0.4,0.625,0.2,0.6,0.8,0.3,0.2,0.1,0.0,0.0,0.1,0.2,2.0,-0.2,3.6,0,0,3.7,428,370,440,144,547,512,516,397,431,425,437,487,481,463,487,529,529,537,517,534,492,516,567,515,507,272,538,252,28,534,1
202685,Jonas Valančiūnas,Jonas,1610612743,DEN,33.0,58,35,23,0.603,13.3,3.3,5.8,0.573,0.1,0.3,0.3,1.6,2.0,0.769,1.5,3.4,4.9,1.2,1.1,0.2,0.5,0.4,2.1,2.2,8.3,-1.4,17.1,3,0,16.0,179,116,243,164,401,225,288,65,474,491,392,184,182,286,104,152,139,353,231,482,137,207,181,140,255,355,275,117,28,282,1
1628371,Jonathan Isaac,Jonathan,1610612753,ORL,28.0,52,29,23,0.558,10.0,0.9,2.1,0.422,0.1,0.7,0.184,0.7,1.1,0.603,0.8,1.7,2.5,0.4,0.3,0.4,0.6,0.1,0.8,1.0,2.6,-0.7,8.9,0,0,7.6,238,180,243,218,460,499,501,394,467,461,477,363,319,477,248,368,344,513,485,418,118,502,485,316,489,305,436,252,28,454,1
1630228,Jonathan Kuminga,Jonathan,1610612737,ATL,23.0,30,18,12,0.6,23.1,4.2,9.2,0.458,1.0,2.7,0.363,2.6,3.5,0.726,1.5,4.4,5.9,2.5,2.1,0.6,0.3,0.7,1.5,2.6,12.0,0.9,23.2,1,0,23.0,389,298,404,167,209,168,156,269,269,274,208,93,83,364,99,84,77,184,72,325,296,93,324,105,156,178,172,183,28,166,2
1642367,Jonathan Mogbo,Jonathan,1610612761,TOR,24.0,32,14,18,0.438,6.2,0.7,1.2,0.579,0.0,0.0,0.0,0.2,0.4,0.583,0.6,1.1,1.7,0.5,0.3,0.3,0.2,0.1,0.7,0.3,1.6,-1.1,5.5,0,0,4.7,381,356,319,363,515,523,545,61,497,528,497,490,482,484,347,456,445,486,495,470,361,482,506,501,531,338,504,252,28,513,1
203903,Jordan Clarkson,Jordan,1610612752,NYK,33.0,64,40,24,0.625,18.2,3.4,7.5,0.45,1.1,3.3,0.337,1.1,1.4,0.816,0.8,0.9,1.7,1.4,0.9,0.4,0.1,0.4,1.8,1.1,9.0,1.0,13.8,0,0,14.3,98,55,228,135,308,219,211,303,230,216,277,249,275,187,253,485,438,324,286,405,409,243,261,293,230,172,342,252,28,322,1
1630692,Jordan Goodwin,Jordan,1610612756,PHX,27.0,63,35,28,0.556,22.5,3.3,8.1,0.408,1.5,4.3,0.352,0.6,0.8,0.706,1.9,3.0,4.9,2.2,1.0,1.5,0.2,0.5,2.0,1.0,8.7,0.9,21.8,2,0,20.6,110,116,162,223,222,226,192,434,150,141,243,394,383,388,68,203,140,217,273,28,357,191,211,332,237,176,199,146,28,204,1
1641722,Jordan Hawkins,Jordan,1610612740,NOP,23.0,44,12,32,0.273,12.2,1.4,4.2,0.332,0.8,2.4,0.321,0.4,0.5,0.8,0.3,1.2,1.5,0.6,0.5,0.2,0.2,0.1,0.5,0.5,3.9,-2.6,7.2,0,0,7.6,312,380,105,458,420,430,375,530,303,296,337,446,461,222,445,436,458,467,413,503,366,457,525,435,429,434,467,252,28,455,1
1629162,Jordan McLaughlin,Jordan,1610612759,SAS,29.0,39,33,6,0.846,6.6,0.7,1.8,0.403,0.4,1.0,0.41,0.1,0.1,0.8,0.1,0.6,0.7,0.9,0.4,0.4,0.1,0.1,0.3,0.2,2.0,-1.7,5.3,0,0,5.0,339,138,465,14,509,519,514,451,402,434,70,525,529,222,530,531,539,400,480,398,488,506,553,531,508,378,507,252,28,507,1
1641757,Jordan Miller,Jordan,1610612746,LAC,26.0,52,32,20,0.615,21.5,3.4,6.5,0.521,0.6,1.7,0.326,2.3,3.0,0.774,0.9,2.1,3.1,2.1,1.1,0.7,0.2,0.8,1.0,2.0,9.7,0.0,18.2,1,0,17.2,238,154,285,150,244,217,253,108,364,366,322,109,106,278,207,300,283,218,244,235,376,51,460,164,211,252,254,183,28,257,1
1629673,Jordan Poole,Jordan,1610612740,NOP,26.0,35,15,20,0.429,24.1,4.2,11.3,0.37,2.4,7.3,0.331,2.5,2.9,0.871,0.2,1.8,2.0,3.0,1.7,0.6,0.4,0.7,2.3,2.9,13.3,-2.6,21.5,0,0,22.7,367,346,285,366,194,170,107,501,49,21,313,101,114,93,490,359,395,131,118,317,204,88,106,82,129,436,206,252,28,170,1
1641775,Jordan Walsh,Jordan,1610612738,BOS,22.0,59,39,20,0.661,17.4,2.0,3.8,0.527,0.7,1.7,0.414,0.6,0.8,0.75,1.3,2.7,4.1,0.7,0.5,0.7,0.5,0.3,2.1,0.8,5.3,1.7,14.2,2,0,13.1,171,65,285,102,324,355,390,104,322,371,64,387,382,318,122,225,189,444,417,249,170,318,185,371,368,131,334,146,28,344,1
1630631,Jose Alvarado,Jose,1610612752,NYK,27.0,63,25,38,0.397,19.8,2.6,6.3,0.409,1.4,4.2,0.347,0.5,0.6,0.789,0.3,2.1,2.4,3.3,1.1,0.9,0.1,0.4,1.8,0.8,7.1,0.2,17.0,1,0,16.3,110,216,58,384,278,298,267,430,162,155,251,420,431,245,440,311,359,115,243,148,454,251,244,378,293,235,276,183,28,274,2
1630581,Josh Giddey,Josh,1610612741,CHI,23.0,50,21,29,0.42,32.1,6.2,13.6,0.454,2.0,5.3,0.377,3.3,4.3,0.767,1.3,7.1,8.3,9.2,3.6,1.1,0.4,0.8,1.7,3.0,17.6,-2.0,42.2,27,12,40.1,254,266,146,371,50,73,64,285,80,92,156,60,54,289,132,16,32,3,5,104,189,44,273,77,67,407,19,12,3,25,1
1630182,Josh Green,Josh,1610612766,CHA,25.0,49,32,17,0.653,16.4,1.6,3.4,0.467,1.1,2.5,0.427,0.5,0.6,0.893,0.9,1.1,2.0,0.9,0.6,0.6,0.1,0.1,1.2,0.9,4.7,4.1,10.0,0,0,10.1,261,154,337,109,344,404,412,247,232,286,51,409,440,58,231,457,406,411,389,286,448,475,403,350,385,53,416,252,28,397,1
1628404,Josh Hart,Josh,1610612752,NYK,31.0,59,39,20,0.661,30.2,4.7,9.2,0.507,1.5,3.7,0.406,1.4,1.9,0.722,1.5,6.1,7.6,5.0,1.9,1.2,0.3,0.6,2.5,2.1,12.2,3.5,31.3,13,2,29.2,171,65,285,102,84,138,158,132,156,183,79,200,195,373,105,26,40,51,90,75,285,129,89,150,153,74,87,37,13,101,1
1631169,Josh Minott,Josh,1610612751,BKN,23.0,45,22,23,0.489,16.6,2.4,4.7,0.505,1.2,2.8,0.441,0.9,1.1,0.796,1.0,2.2,3.2,1.0,0.9,0.9,0.4,0.3,1.5,1.0,6.8,0.0,15.2,1,0,14.9,303,248,243,327,339,321,345,140,197,263,37,305,324,233,179,285,269,375,291,174,176,334,326,320,302,253,317,183,28,306,2
1629006,Josh Okogie,Josh,1610612745,HOU,27.0,69,41,28,0.594,17.7,1.7,3.9,0.432,0.9,2.1,0.399,0.5,0.9,0.574,1.0,1.6,2.6,0.8,0.5,0.8,0.2,0.3,1.4,1.1,4.7,0.4,11.5,1,0,11.0,46,48,162,179,315,395,386,361,290,316,97,410,369,490,178,383,339,424,419,187,360,317,343,303,389,216,383,183,28,386,1
201950,Jrue Holiday,Jrue,1610612757,POR,35.0,45,23,22,0.511,28.9,5.9,12.9,0.458,2.4,6.4,0.378,1.5,1.9,0.812,1.4,3.2,4.5,6.3,2.8,1.1,0.1,0.7,1.5,1.6,15.8,3.2,31.4,7,0,31.4,303,236,262,283,112,80,79,270,50,50,151,187,201,200,119,180,160,25,30,95,439,93,335,216,89,80,85,67,28,77,1
1630577,Julian Champagnie,Julian,1610612759,SAS,24.0,73,55,18,0.753,27.7,3.6,8.3,0.435,2.4,6.3,0.382,1.5,1.8,0.844,0.9,4.9,5.8,1.5,0.9,0.8,0.5,0.1,1.6,1.0,11.1,7.3,23.1,7,0,23.2,7,1,319,45,128,208,186,350,51,54,139,192,216,130,223,63,81,298,292,211,172,465,291,319,176,16,174,67,28,159,1
1641763,Julian Phillips,Julian,1610612750,MIN,22.0,43,17,26,0.395,8.5,1.0,2.3,0.429,0.4,1.2,0.321,0.3,0.4,0.882,0.5,0.6,1.1,0.2,0.2,0.5,0.2,0.2,0.8,0.4,2.7,-0.4,6.0,0,0,5.7,315,316,201,387,482,493,486,375,408,421,337,449,476,77,367,532,498,552,527,377,392,434,483,478,480,278,490,252,28,488,2
1642882,Julian Reese,Julian,1610612764,WAS,22.0,6,1,5,0.167,29.7,4.7,7.2,0.651,0.0,0.0,0.0,2.7,3.7,0.727,4.0,6.7,10.7,1.5,2.5,1.0,0.5,1.2,4.2,3.7,12.0,-5.2,29.1,2,0,27.2,499,525,482,530,95,137,232,25,497,528,497,88,76,360,5,20,10,292,45,117,150,12,2,51,156,531,110,146,28,117,1
1631124,Julian Strawther,Julian,1610612743,DEN,23.0,49,30,19,0.612,14.6,2.4,5.3,0.461,0.9,2.5,0.361,1.0,1.3,0.806,0.2,1.8,2.0,1.0,0.6,0.4,0.1,0.4,1.2,1.1,6.8,0.7,11.6,0,0,11.7,261,169,306,154,374,310,319,261,282,291,214,265,293,213,492,362,405,390,389,401,466,262,395,304,307,198,382,252,28,367,1
203944,Julius Randle,Julius,1610612750,MIN,31.0,73,45,28,0.616,33.1,7.4,15.4,0.479,1.4,4.4,0.309,5.0,6.2,0.812,1.7,5.2,6.8,5.1,2.7,1.1,0.2,0.8,2.9,4.4,21.1,3.1,38.3,15,3,37.1,7,30,162,147,40,37,42,201,175,139,369,27,24,201,84,47,58,48,32,82,326,68,35,32,33,83,38,31,7,37,1
1630551,Justin Champagnie,Justin,1610612764,WAS,24.0,61,13,48,0.213,19.4,3.2,6.2,0.509,0.7,2.2,0.331,1.2,1.5,0.783,2.1,3.4,5.5,1.1,0.6,0.9,0.6,0.6,1.6,1.2,8.3,-4.6,20.4,3,0,18.6,140,370,10,510,287,237,270,130,313,309,312,235,249,257,50,153,100,358,375,184,111,111,310,287,254,515,222,117,28,237,1
1642348,Justin Edwards,Justin,1610612755,PHI,22.0,56,33,23,0.589,15.9,2.3,5.1,0.455,1.1,2.9,0.372,0.6,0.7,0.838,0.4,1.2,1.6,1.4,0.6,0.9,0.2,0.3,1.6,0.6,6.3,-1.8,12.8,0,0,12.5,203,138,243,186,352,323,323,279,231,250,175,399,414,140,404,445,455,325,383,177,349,305,319,425,329,379,360,252,28,356,1
203994,Jusuf Nurkić,Jusuf,1610612762,UTA,31.0,41,14,27,0.341,26.4,4.4,8.7,0.503,0.6,1.7,0.352,1.5,2.8,0.549,2.6,7.8,10.4,4.8,2.5,1.3,0.5,0.7,3.3,2.8,10.9,-4.6,33.5,16,3,30.3,326,356,183,418,153,158,169,144,347,361,241,188,121,500,33,9,13,56,49,57,135,76,19,87,183,514,68,27,7,88,1
1642354,KJ Simpson,KJ,1610612743,DEN,23.0,17,7,10,0.412,14.5,1.9,5.6,0.344,0.7,2.3,0.308,0.6,1.1,0.611,0.5,1.5,2.0,2.5,1.4,0.9,0.0,0.4,0.9,1.6,5.2,-0.2,12.8,0,0,12.4,449,432,421,375,377,367,298,518,320,304,373,377,330,470,389,385,395,179,167,144,510,226,471,208,369,268,359,252,28,359,2
1642955,Kadary Richmond,Kadary,1610612764,WAS,24.0,3,2,1,0.667,22.3,3.3,5.3,0.625,0.7,1.3,0.5,1.0,1.0,1.0,0.3,3.0,3.3,2.7,0.7,2.7,0.3,0.0,0.7,1.0,8.3,1.7,24.7,0,0,21.0,544,504,539,92,227,223,311,38,329,412,15,270,339,1,446,195,256,163,367,1,242,516,501,320,250,135,153,252,28,197,1
1642880,Kam Jones,Kam,1610612754,IND,24.0,30,4,26,0.133,15.4,1.7,4.1,0.415,0.6,1.8,0.309,0.1,0.3,0.5,0.3,1.1,1.4,2.7,0.9,0.5,0.0,0.3,1.0,0.3,4.1,-3.6,10.3,1,0,9.7,389,471,201,539,360,393,376,419,362,352,370,516,504,507,463,453,474,163,293,385,510,309,442,491,415,480,407,183,28,410,1
1626157,Karl-Anthony Towns,Karl-Anthony,1610612752,NYK,30.0,69,45,24,0.652,30.9,6.9,13.9,0.495,1.6,4.2,0.368,4.8,5.6,0.856,3.1,8.8,11.9,2.8,2.5,0.9,0.6,1.0,3.5,4.9,20.1,5.4,40.4,51,0,39.2,46,30,228,111,73,52,56,168,142,151,188,31,35,119,18,5,2,147,48,171,128,23,11,20,44,32,27,1,28,27,1
1631255,Karlo Matković,Karlo,1610612740,NOP,24.0,60,24,36,0.4,14.6,2.3,3.8,0.612,0.6,1.4,0.442,0.5,0.7,0.732,1.2,2.5,3.7,0.8,0.5,0.4,0.9,0.2,1.7,0.6,5.8,-1.0,14.8,1,0,13.5,154,226,75,380,373,329,392,42,339,403,35,411,406,355,148,253,223,420,427,406,62,442,276,416,345,330,325,183,28,336,1
1642857,Kasparas Jakučionis,Kasparas,1610612748,MIA,19.0,47,25,22,0.532,17.7,1.9,4.5,0.423,1.2,3.0,0.417,1.0,1.1,0.904,0.9,1.8,2.7,2.4,0.9,0.7,0.1,0.3,1.9,1.1,6.1,1.3,14.3,0,0,14.0,288,216,262,265,316,369,349,392,202,249,61,270,321,48,239,348,322,186,289,275,442,291,227,308,334,162,330,252,28,329,1
202695,Kawhi Leonard,Kawhi,1610612746,LAC,34.0,58,34,24,0.586,32.2,9.9,19.6,0.504,2.6,6.9,0.381,6.0,6.6,0.899,1.0,5.3,6.3,3.6,2.1,2.0,0.4,0.6,1.3,5.1,28.3,5.5,46.5,5,0,45.7,179,126,228,190,48,8,7,143,36,33,144,14,17,53,175,43,70,99,73,5,174,139,384,18,6,31,9,91,28,10,1
1630811,Keaton Wallace,Keaton,1610612737,ATL,27.0,49,28,21,0.571,10.0,1.3,3.1,0.418,0.8,1.9,0.402,0.2,0.3,0.643,0.1,1.0,1.0,1.7,0.5,0.4,0.1,0.1,0.9,0.3,3.6,-1.5,8.5,0,0,8.1,261,186,273,200,461,443,435,404,309,346,90,502,500,449,540,474,502,260,430,401,448,487,467,498,441,366,450,252,28,445,1
1631099,Keegan Murray,Keegan,1610612758,SAC,25.0,23,5,18,0.217,34.5,5.5,13.0,0.42,1.3,4.9,0.277,1.7,2.1,0.776,1.4,4.3,5.7,1.7,1.2,1.0,1.6,0.7,1.8,1.7,14.0,-7.1,30.0,2,0,27.9,422,458,319,505,17,102,78,400,178,111,422,168,173,277,112,93,85,276,225,108,13,106,243,201,115,549,103,146,28,113,1
1642276,Kel'el Ware,Kel'el,1610612748,MIA,21.0,69,35,34,0.507,22.4,4.5,8.6,0.529,1.1,3.0,0.376,1.0,1.3,0.756,3.0,6.3,9.2,0.6,0.8,0.8,1.1,0.4,1.6,1.1,11.1,-0.3,28.0,23,0,25.9,46,116,85,292,224,147,179,101,225,247,161,285,282,311,22,24,19,464,315,196,38,268,314,290,174,277,118,17,28,126,1
1629640,Keldon Johnson,Keldon,1610612759,SAS,26.0,73,55,18,0.753,23.2,5.0,9.5,0.53,1.2,3.2,0.376,1.7,2.2,0.792,1.6,3.8,5.5,1.3,0.9,0.5,0.1,0.7,2.0,1.6,13.0,3.0,22.7,5,0,22.3,7,1,319,45,207,120,148,100,206,219,159,162,169,238,87,125,102,327,303,338,429,100,195,202,140,85,181,91,28,176,1
203482,Kelly Olynyk,Kelly,1610612759,SAS,34.0,40,31,9,0.775,8.8,1.2,2.4,0.495,0.3,1.2,0.261,0.7,0.9,0.722,0.6,1.2,1.8,1.2,0.6,0.4,0.1,0.2,1.0,1.0,3.3,-0.9,7.9,0,0,7.4,331,162,428,35,477,461,480,169,426,424,434,376,367,370,333,437,422,352,385,439,471,421,458,333,450,322,457,252,28,459,1
1626162,Kelly Oubre Jr.,Kelly,1610612755,PHI,30.0,41,22,19,0.537,32.4,5.2,11.2,0.463,1.8,5.0,0.361,2.5,3.3,0.759,1.0,3.9,4.9,1.7,1.4,1.3,0.5,0.8,2.5,2.7,14.7,-0.7,27.2,4,0,26.8,326,248,306,255,46,117,112,254,105,104,213,99,92,308,179,122,143,262,162,49,135,67,78,92,104,306,128,102,28,120,1
1631113,Kennedy Chandler,Kennedy,1610612762,UTA,23.0,3,0,3,0.0,33.5,5.0,12.3,0.405,1.3,4.0,0.333,4.0,5.7,0.706,0.0,3.7,3.7,7.0,1.3,1.7,0.0,2.0,2.0,4.3,15.3,-13.3,33.9,0,0,30.7,544,551,516,551,31,122,86,444,180,167,285,41,34,388,542,134,223,15,185,12,510,1,196,34,94,570,62,252,28,84,1
1629026,Kenrich Williams,Kenrich,1610612760,OKC,31.0,48,35,13,0.729,15.6,2.5,5.1,0.494,0.9,2.3,0.404,0.7,1.0,0.64,1.0,2.2,3.2,1.4,0.8,0.6,0.1,0.3,1.1,1.1,6.6,2.0,13.8,0,0,13.5,271,116,390,54,358,302,327,171,277,305,82,365,334,451,198,286,276,326,345,298,446,350,432,299,315,117,341,252,28,335,1
203484,Kentavious Caldwell-Pope,Kentavious,1610612763,MEM,33.0,51,20,31,0.392,21.3,2.9,7.2,0.41,1.1,3.4,0.316,1.4,1.6,0.913,0.4,2.1,2.5,2.7,1.2,0.8,0.2,0.2,1.1,1.3,8.4,-2.2,17.2,0,0,16.6,246,280,114,389,245,263,231,429,236,208,352,198,236,45,425,312,357,156,222,186,399,367,422,254,249,414,272,252,28,269,1
1631165,Keon Ellis,Keon,1610612739,CLE,26.0,65,26,39,0.4,20.1,2.2,5.1,0.435,1.3,3.4,0.366,0.7,1.0,0.714,0.5,1.3,1.8,0.9,0.6,1.2,0.7,0.1,1.9,1.2,6.4,-2.1,15.0,0,0,14.1,87,207,51,380,269,338,325,348,194,201,192,362,349,377,368,425,426,400,401,73,97,490,238,289,322,408,323,252,28,327,2
1642352,Keshad Johnson,Keshad,1610612748,MIA,24.0,27,13,14,0.481,7.8,1.3,3.0,0.439,0.4,1.4,0.316,0.6,0.9,0.68,0.7,1.1,1.9,0.1,0.4,0.4,0.3,0.2,0.8,0.6,3.7,1.4,7.6,1,0,7.4,401,370,379,333,493,438,438,340,394,407,354,383,359,421,301,447,416,556,453,427,301,376,486,423,433,156,460,183,28,458,1
1642933,Keshon Gilbert,Keshon,1610612737,ATL,22.0,3,0,3,0.0,16.1,0.3,1.3,0.25,0.0,0.7,0.0,1.3,1.3,1.0,0.7,1.0,1.7,1.0,2.0,0.7,1.3,0.0,1.0,0.7,2.0,-15.7,9.5,0,0,8.7,544,551,516,551,351,553,537,550,497,467,497,213,277,1,309,461,444,375,81,265,24,516,446,401,508,572,425,252,28,434,1
201142,Kevin Durant,Kevin,1610612745,HOU,37.0,70,41,29,0.586,36.5,9.2,17.7,0.518,2.4,5.8,0.411,5.2,6.0,0.878,0.5,4.9,5.4,4.6,3.2,0.9,0.9,0.5,1.8,4.8,26.0,4.0,41.3,7,0,41.8,31,48,146,191,3,11,17,115,56,71,67,24,28,83,362,60,105,61,13,177,61,160,247,21,14,58,22,67,28,18,1
1628989,Kevin Huerter,Kevin,1610612765,DET,27.0,61,34,27,0.557,22.2,3.9,8.5,0.453,1.4,4.6,0.298,0.8,1.0,0.766,0.5,3.0,3.5,2.4,1.0,0.9,0.5,0.4,1.7,1.1,9.9,1.7,20.9,1,0,20.0,140,126,183,219,229,190,180,291,169,126,399,329,333,291,364,200,241,187,274,184,141,240,271,307,207,134,214,183,28,212,2
201567,Kevin Love,Kevin,1610612762,UTA,37.0,37,10,27,0.27,16.6,2.1,5.4,0.397,1.4,3.8,0.373,1.0,1.2,0.841,1.5,4.3,5.8,1.8,0.8,0.4,0.2,0.0,1.5,1.1,6.7,-2.2,17.4,2,0,17.0,354,402,183,462,340,350,309,461,164,176,169,270,307,135,103,90,80,251,333,423,319,514,341,295,312,411,268,146,28,259,1
1641755,Kevin McCullar Jr.,Kevin,1610612752,NYK,25.0,20,11,9,0.55,6.5,0.7,1.8,0.389,0.3,0.9,0.333,0.1,0.3,0.4,0.5,0.8,1.3,1.0,0.6,0.4,0.0,0.1,0.9,0.3,1.8,-2.3,5.2,0,0,5.1,433,395,428,235,511,522,517,473,426,451,285,526,507,528,370,496,481,394,385,439,510,476,466,508,524,415,509,252,28,505,1
1629645,Kevin Porter Jr.,Kevin,1610612749,MIL,25.0,38,18,20,0.474,33.2,6.3,13.5,0.465,1.2,3.8,0.322,3.6,4.1,0.878,0.9,4.3,5.2,7.4,2.9,2.2,0.5,0.8,2.3,3.6,17.4,-2.8,39.9,10,2,36.6,346,298,285,339,36,70,65,251,204,179,332,52,60,82,219,91,117,10,24,2,150,46,115,52,69,448,30,53,13,40,1
1626172,Kevon Looney,Kevon,1610612740,NOP,30.0,18,2,16,0.111,13.9,1.3,2.9,0.442,0.1,0.5,0.111,0.3,0.4,0.625,2.3,3.0,5.3,1.4,0.4,0.3,0.5,0.2,1.8,0.4,2.9,-3.3,13.4,0,0,11.3,445,504,346,545,387,445,452,330,481,477,492,474,462,463,44,195,106,315,453,443,150,376,257,479,473,469,351,252,28,379,1
1641718,Keyonte George,Keyonte,1610612762,UTA,22.0,54,16,38,0.296,33.1,7.4,16.3,0.456,2.5,6.7,0.371,6.2,7.0,0.892,0.4,3.3,3.7,6.1,3.1,1.1,0.3,1.1,2.2,4.7,23.6,-6.2,38.2,4,0,38.6,228,327,58,442,41,35,30,276,46,41,177,11,15,63,408,166,221,28,18,100,301,18,135,25,23,543,41,102,28,31,1
1642863,Khaman Maluach,Khaman,1610612756,PHX,19.0,38,18,20,0.474,8.0,1.0,1.8,0.529,0.1,0.4,0.214,0.4,0.6,0.81,0.8,1.4,2.2,0.2,0.6,0.1,0.6,0.2,0.9,0.5,2.5,0.4,6.7,0,0,6.2,346,298,285,339,489,494,515,102,478,489,461,430,443,209,270,412,386,555,384,532,126,386,464,459,494,214,477,252,28,482,1
203114,Khris Middleton,Khris,1610612742,DAL,34.0,55,16,39,0.291,23.6,3.8,8.9,0.427,1.1,3.0,0.355,2.0,2.3,0.873,0.9,2.9,3.8,3.0,1.7,0.7,0.2,0.4,2.3,1.9,10.7,-5.1,20.6,2,0,20.3,214,327,51,446,201,192,167,378,238,243,230,135,160,92,222,210,212,136,121,236,390,210,105,170,186,527,221,146,28,207,2
1630165,Killian Hayes,Killian,1610612758,SAC,24.0,15,7,8,0.467,16.4,1.7,5.7,0.306,0.7,2.5,0.263,0.6,0.7,0.9,0.1,2.3,2.5,3.3,1.0,0.5,0.2,0.2,1.6,0.5,4.7,1.5,13.6,0,0,12.5,457,432,440,343,345,386,296,542,329,284,433,389,408,50,528,272,352,122,254,385,340,389,307,460,386,148,347,252,28,355,1
202691,Klay Thompson,Klay,1610612742,DAL,36.0,63,18,45,0.286,21.9,4.2,10.5,0.399,3.0,7.6,0.391,0.5,0.7,0.738,0.3,1.9,2.1,1.3,0.9,0.5,0.3,0.1,1.0,0.4,11.8,-2.0,17.9,0,0,19.9,110,298,24,447,238,171,129,457,19,18,112,417,408,348,475,343,387,328,288,355,286,447,443,480,163,400,262,252,28,213,1
1641738,Kobe Brown,Kobe,1610612754,IND,26.0,54,15,39,0.278,14.0,1.7,3.9,0.447,0.7,2.0,0.358,0.8,0.9,0.804,1.0,1.6,2.6,1.0,0.8,0.3,0.2,0.4,1.1,0.9,4.9,-3.8,10.4,0,0,10.4,228,346,51,454,385,391,387,317,315,332,220,340,354,217,193,373,329,375,341,443,339,260,427,345,381,486,404,252,28,394,2
1641723,Kobe Bufkin,Kobe,1610612747,LAL,22.0,11,7,4,0.636,8.2,1.0,3.5,0.289,0.3,1.8,0.15,0.7,0.7,1.0,0.1,0.7,0.8,0.5,0.4,0.2,0.3,0.2,0.5,0.8,3.0,-3.1,5.7,0,0,5.5,469,432,490,124,487,477,409,545,433,353,484,348,401,1,536,509,528,508,477,503,292,416,525,369,461,459,500,252,28,495,1
1642920,Kobe Sanders,Kobe,1610612746,LAC,23.0,60,32,28,0.533,20.4,2.6,5.7,0.459,1.2,2.8,0.406,0.7,0.9,0.811,0.5,1.9,2.4,1.7,1.3,0.7,0.1,0.2,2.2,0.9,7.1,0.1,13.6,0,0,13.9,154,154,162,261,265,293,296,268,215,262,78,353,370,202,394,334,364,270,205,265,415,368,153,346,292,237,348,252,28,332,1
1642886,Koby Brea,Koby,1610612756,PHX,23.0,6,2,4,0.333,4.6,0.8,2.0,0.417,0.7,1.5,0.444,0.3,0.3,1.0,0.0,0.3,0.3,0.5,0.0,0.0,0.0,0.0,0.3,0.2,2.7,-1.2,3.8,0,0,4.2,499,504,490,421,540,504,505,411,329,393,32,455,485,1,542,549,555,490,543,541,510,516,546,532,481,341,536,252,28,527,1
1642851,Kon Knueppel,Kon,1610612766,CHA,20.0,72,39,33,0.542,31.5,6.5,13.4,0.489,3.5,8.0,0.438,2.5,2.9,0.863,1.2,4.1,5.3,3.5,2.0,0.7,0.2,0.6,2.2,2.4,19.1,4.1,31.6,6,0,33.3,22,65,96,250,56,62,67,181,4,14,41,97,110,103,140,103,106,107,86,243,323,126,148,127,54,54,84,78,28,63,1
1627739,Kris Dunn,Kris,1610612746,LAC,32.0,74,38,36,0.514,27.4,2.8,6.0,0.476,1.0,2.6,0.374,0.8,1.0,0.779,0.7,2.6,3.3,3.6,1.3,1.6,0.2,0.3,2.4,0.9,7.5,0.5,20.9,0,0,18.9,1,84,75,281,137,275,281,217,260,277,165,325,335,269,280,240,260,100,190,19,393,333,101,339,278,207,216,252,28,230,1
1631200,Kris Murray,Kris,1610612757,POR,25.0,49,23,26,0.469,23.6,2.3,5.0,0.459,0.6,2.2,0.28,0.7,1.0,0.708,1.6,2.1,3.7,1.3,0.8,0.9,0.4,0.3,1.6,0.9,5.9,-0.6,15.6,0,0,14.2,261,236,201,342,202,331,331,267,346,312,417,361,348,386,89,304,219,331,343,146,214,275,320,358,337,297,310,252,28,325,1
204001,Kristaps Porziņģis,Kristaps,1610612744,GSW,30.0,26,12,14,0.462,23.5,5.4,12.1,0.444,1.7,5.0,0.333,4.3,5.1,0.835,1.2,3.7,4.8,2.7,1.3,0.6,1.4,0.3,2.8,4.3,16.7,2.5,31.2,1,0,29.8,406,380,379,345,203,107,89,323,128,105,285,39,42,146,143,135,144,168,201,293,21,276,37,35,81,101,89,183,28,93,2
203937,Kyle Anderson,Kyle,1610612750,MIN,32.0,35,12,23,0.343,19.7,2.5,4.7,0.533,0.1,0.3,0.444,1.2,1.7,0.705,0.9,2.5,3.4,2.7,1.0,1.0,0.5,0.3,2.3,1.5,6.4,-1.5,18.2,0,0,15.7,367,380,243,415,281,303,341,97,471,501,32,230,219,394,199,255,247,155,272,131,132,294,117,225,326,363,257,252,28,289,3
1642271,Kyle Filipowski,Kyle,1610612762,UTA,22.0,70,21,49,0.3,22.9,3.8,7.8,0.483,0.9,2.7,0.328,2.1,2.8,0.746,1.9,5.1,6.9,2.4,1.7,1.0,0.5,0.6,2.9,1.9,10.5,-3.1,25.2,10,0,23.7,31,266,5,440,211,194,199,195,279,267,318,129,120,337,74,52,54,193,126,137,145,108,30,172,189,458,148,53,28,156,1
1628398,Kyle Kuzma,Kyle,1610612749,MIL,30.0,65,28,37,0.431,26.4,4.9,10.0,0.49,1.2,3.5,0.352,2.0,2.8,0.725,0.8,3.7,4.5,2.6,1.6,0.6,0.4,0.5,2.0,2.3,13.1,-4.0,23.8,4,0,23.5,87,186,69,365,155,130,140,179,203,200,240,132,117,366,247,130,157,176,130,278,216,150,210,133,134,496,162,102,28,158,1
200768,Kyle Lowry,Kyle,1610612755,PHI,40.0,13,8,5,0.615,8.7,0.3,1.5,0.2,0.3,1.5,0.2,0.4,0.5,0.833,0.0,0.7,0.7,0.8,0.3,0.2,0.2,0.0,0.6,0.5,1.3,-2.5,4.0,0,0,3.8,463,420,482,150,479,555,527,555,424,389,468,442,458,148,542,513,539,419,496,521,401,516,516,461,540,430,530,252,28,533,1
1642273,Kyshawn George,Kyshawn,1610612764,WAS,22.0,48,10,38,0.208,29.0,5.3,12.0,0.438,2.1,5.4,0.381,2.2,2.7,0.802,0.9,4.2,5.1,4.5,2.6,1.0,0.9,0.8,3.5,2.6,14.8,-7.4,30.7,3,0,30.2,271,402,58,511,109,112,92,343,68,82,145,116,122,221,217,101,123,63,39,117,54,58,8,99,101,555,93,117,28,89,1
1643018,LJ Cryer,LJ,1610612744,GSW,24.0,13,5,8,0.385,14.3,2.4,5.5,0.437,2.0,4.5,0.441,0.8,0.9,0.917,0.3,1.5,1.8,0.7,0.7,0.2,0.0,0.1,1.6,0.7,7.6,2.9,10.5,0,0,12.4,463,458,440,395,381,315,305,345,80,133,38,314,360,44,459,400,428,449,361,521,510,490,301,394,275,87,403,252,28,358,1
1630163,LaMelo Ball,LaMelo,1610612766,CHA,24.0,63,36,27,0.571,27.6,6.9,17.0,0.407,3.7,9.9,0.37,2.2,2.4,0.896,0.9,4.0,4.8,7.1,2.7,1.2,0.3,0.7,2.7,3.0,19.7,6.1,37.8,9,1,38.2,110,105,183,200,131,50,23,440,3,3,180,115,149,55,233,114,147,13,31,67,309,71,56,79,47,25,43,58,21,36,1
1642950,Lachlan Olbrich,Lachlan,1610612741,CHI,22.0,27,7,20,0.259,6.3,0.6,1.2,0.455,0.1,0.3,0.222,0.1,0.4,0.333,0.6,1.3,1.9,0.6,0.3,0.2,0.1,0.1,1.0,0.4,1.3,0.5,5.1,0,0,4.5,401,432,285,470,514,531,542,280,479,492,457,513,462,531,338,426,416,461,499,490,474,493,459,472,539,211,512,252,28,519,1
1629013,Landry Shamet,Landry,1610612752,NYK,29.0,46,30,16,0.652,23.0,3.2,7.3,0.439,2.1,5.3,0.388,1.2,1.6,0.726,0.4,1.4,1.8,1.5,0.6,0.6,0.2,0.4,1.6,1.7,9.6,3.6,15.8,0,0,16.5,297,169,346,111,210,234,228,342,67,89,122,243,232,365,414,405,418,302,382,309,351,242,296,199,212,70,303,252,28,270,1
1626204,Larry Nance Jr.,Larry,1610612739,CLE,33.0,30,22,8,0.733,11.9,1.3,3.3,0.388,0.6,1.8,0.358,0.1,0.2,0.571,0.8,1.7,2.5,0.9,0.5,0.5,0.1,0.2,1.6,0.5,3.3,-0.5,9.2,0,0,8.7,389,248,440,53,425,446,421,475,339,356,219,516,512,491,245,369,345,398,445,356,415,389,295,435,450,292,429,252,28,434,1
1628374,Lauri Markkanen,Lauri,1610612762,UTA,28.0,42,17,25,0.405,34.3,9.1,19.2,0.477,2.7,7.7,0.355,5.7,6.4,0.896,2.0,4.9,6.9,2.1,1.5,1.0,0.5,1.1,1.8,5.5,26.7,-1.3,41.2,5,0,41.5,319,316,216,379,19,12,9,213,28,17,231,16,20,57,58,62,55,219,147,117,150,17,240,13,12,350,23,91,28,19,1
1643133,Lawson Lovering,Lawson,1610612763,MEM,22.0,2,1,1,0.5,24.6,3.0,5.0,0.6,0.0,0.0,0.0,1.0,2.5,0.4,3.0,4.5,7.5,1.5,1.0,1.5,0.5,0.5,3.5,2.0,7.0,0.5,23.3,1,0,20.0,552,525,539,293,187,255,332,47,497,528,497,270,139,528,20,79,43,292,254,25,150,171,9,156,296,207,171,183,28,211,1
2544,LeBron James,LeBron,1610612747,LAL,41.0,52,33,19,0.635,33.5,8.0,15.5,0.513,1.3,4.2,0.315,3.8,5.0,0.748,0.8,5.2,6.0,6.9,3.0,1.1,0.6,0.8,1.4,3.6,21.0,0.9,40.8,13,2,38.7,238,138,306,128,30,27,41,124,189,156,357,46,43,336,259,48,76,16,21,83,118,69,345,55,34,177,24,37,13,30,1
1641778,Leaky Black,Leaky,1610612764,WAS,26.0,7,1,6,0.143,30.9,3.3,6.7,0.489,1.7,3.6,0.48,0.9,0.9,1.0,1.0,4.3,5.3,1.6,0.9,0.9,1.0,0.1,2.9,0.6,9.1,-1.1,22.6,0,0,21.4,492,525,465,534,72,227,243,180,122,191,26,307,374,1,179,96,109,282,309,177,45,447,36,425,226,339,186,252,28,191,1
1631159,Leonard Miller,Leonard,1610612741,CHI,22.0,36,16,20,0.444,12.0,2.3,4.2,0.556,0.4,1.6,0.286,0.6,0.8,0.793,0.8,2.2,3.0,0.7,0.6,0.3,0.2,0.2,1.1,0.6,5.8,1.4,11.3,1,0,10.9,358,327,285,359,424,325,373,79,394,386,410,380,384,236,261,288,287,453,407,471,329,402,435,408,347,151,390,183,28,387,2
1642862,Liam McNeeley,Liam,1610612766,CHA,20.0,29,11,18,0.379,12.1,1.2,3.1,0.396,0.8,2.0,0.39,0.9,1.1,0.818,0.4,1.9,2.3,0.8,0.4,0.2,0.1,0.2,1.2,0.9,4.2,0.7,8.5,0,0,8.6,394,395,319,398,421,454,433,465,300,330,115,298,315,181,428,337,373,431,450,507,447,422,398,353,410,189,447,252,28,437,1
1630322,Lindy Waters III,Lindy,1610612759,SAS,28.0,38,29,9,0.763,7.2,0.8,2.2,0.386,0.7,1.9,0.351,0.0,0.0,1.0,0.1,0.7,0.7,0.5,0.2,0.1,0.0,0.1,0.6,0.3,2.4,-0.1,4.3,0,0,4.6,346,180,428,41,501,502,493,480,324,338,244,535,538,1,539,523,536,490,528,523,508,504,517,507,495,257,524,252,28,515,1
1628366,Lonzo Ball,Lonzo,1610612739,CLE,28.0,35,19,16,0.543,20.8,1.5,5.0,0.301,1.1,4.2,0.272,0.4,0.6,0.667,0.7,3.3,4.0,3.9,1.5,1.3,0.3,0.2,1.3,0.5,4.6,0.9,18.3,0,0,16.7,367,290,346,248,258,414,330,544,218,152,425,437,432,427,281,167,193,76,153,54,305,424,377,456,393,175,252,252,28,268,1
1629652,Luguentz Dort,Luguentz,1610612760,OKC,26.0,60,46,14,0.767,27.6,3.0,7.9,0.376,1.9,5.6,0.333,0.7,0.9,0.75,0.9,2.9,3.8,1.2,0.8,0.8,0.4,0.2,2.8,1.5,8.5,4.2,17.7,0,0,17.8,154,21,379,38,132,262,198,492,101,77,285,358,357,318,236,207,211,343,320,201,193,381,40,221,247,52,266,252,28,250,1
1629029,Luka Dončić,Luka,1610612747,LAL,27.0,61,41,20,0.672,35.9,10.9,22.9,0.474,4.0,10.9,0.364,7.9,10.2,0.774,0.6,7.2,7.8,8.3,4.0,1.6,0.5,0.5,2.4,7.4,33.6,2.8,58.0,33,8,58.0,140,48,285,90,4,2,1,221,2,2,199,2,1,280,323,12,36,4,1,17,134,199,98,2,1,88,2,7,4,1,1
1630568,Luka Garza,Luka,1610612738,BOS,27.0,63,42,21,0.667,15.8,2.8,4.8,0.576,0.8,1.8,0.432,1.3,1.7,0.759,2.3,1.7,3.9,0.9,0.7,0.4,0.4,0.3,2.3,1.7,7.6,1.7,15.4,1,0,14.8,110,44,273,92,354,281,337,64,306,357,46,217,222,306,46,370,199,397,366,414,219,308,114,197,274,130,312,183,28,312,1
1628379,Luke Kennard,Luke,1610612747,LAL,29.0,69,39,30,0.565,21.0,2.9,5.4,0.542,1.6,3.2,0.484,0.7,0.8,0.925,0.4,1.8,2.2,2.0,0.7,0.6,0.1,0.2,1.3,0.6,8.1,0.3,15.2,0,0,15.3,46,65,130,212,252,267,310,87,142,220,25,356,392,42,418,360,382,236,351,283,437,361,380,414,262,221,319,252,28,297,2
1628436,Luke Kornet,Luke,1610612759,SAS,30.0,61,46,15,0.754,21.1,2.6,4.0,0.64,0.0,0.0,0.0,1.4,1.7,0.811,2.8,3.4,6.3,1.8,0.4,0.4,1.0,0.3,1.8,1.9,6.6,1.3,20.9,3,0,17.7,140,21,360,43,251,296,379,31,497,528,497,199,221,202,25,147,72,249,458,395,41,340,249,174,316,164,215,117,28,254,1
1631247,Luke Travers,Luke,1610612739,CLE,24.0,12,6,6,0.5,8.6,0.8,3.0,0.25,0.1,1.3,0.063,0.8,0.8,1.0,0.8,1.3,2.0,0.8,0.3,0.6,0.3,0.3,0.5,0.4,2.3,-2.7,8.4,0,0,7.0,465,445,465,293,480,513,439,550,477,412,496,341,395,1,276,428,395,440,511,312,242,350,530,469,496,439,453,252,28,465,1
1630644,Mac McClung,Mac,1610612741,CHI,27.0,4,0,4,0.0,11.8,2.3,6.3,0.36,0.5,3.0,0.167,0.8,1.0,0.75,0.0,1.3,1.3,0.5,0.8,1.3,0.5,0.5,2.0,0.8,5.8,-5.0,12.5,0,0,11.5,530,551,490,551,426,333,269,510,378,244,481,341,339,318,542,428,483,490,349,59,150,171,196,382,347,524,365,252,28,370,2
1641869,Malachi Smith,Malachi,1610612751,BKN,26.0,7,0,7,0.0,19.3,2.9,5.4,0.526,1.0,2.0,0.5,0.3,0.3,1.0,0.7,1.6,2.3,2.4,1.3,0.9,0.4,0.0,0.7,0.9,7.0,-1.4,16.0,0,0,15.3,492,551,457,551,288,272,308,105,248,333,15,472,500,1,298,380,372,189,195,177,181,516,500,358,296,361,296,252,28,296,1
1631103,Malaki Branham,Malaki,1610612764,WAS,22.0,28,7,21,0.25,9.8,1.5,3.3,0.473,0.5,1.3,0.378,1.0,1.2,0.824,0.4,1.1,1.6,0.8,0.5,0.4,0.1,0.3,0.8,0.7,4.6,-1.5,8.5,0,0,8.4,397,432,273,480,463,410,424,224,378,415,153,270,303,175,404,449,457,422,420,433,441,290,489,399,393,364,445,252,28,441,1
1642502,Malevy Leons,Malevy,1610612744,GSW,26.0,18,5,13,0.278,9.2,1.1,2.4,0.432,0.2,0.7,0.231,0.3,0.4,0.75,1.2,0.8,2.0,0.6,0.3,0.4,0.4,0.2,1.1,0.5,2.6,-1.8,8.0,0,0,7.0,445,458,390,454,471,471,474,365,456,463,453,455,462,318,148,491,395,479,486,392,213,426,424,435,485,383,456,252,28,465,1
1628370,Malik Monk,Malik,1610612758,SAC,28.0,57,16,41,0.281,22.3,4.5,10.5,0.431,2.1,5.2,0.395,1.6,1.8,0.883,0.3,1.7,1.9,3.0,1.4,0.6,0.4,0.5,1.6,1.5,12.7,-3.8,20.9,0,0,21.5,194,327,41,452,226,149,130,368,69,96,102,179,208,74,479,370,410,132,164,315,228,144,290,219,144,489,213,252,28,188,1
1630699,MarJon Beauchamp,MarJon,1610612755,PHI,25.0,11,5,6,0.455,17.0,2.8,6.6,0.425,1.4,4.1,0.333,1.1,1.5,0.706,0.5,2.3,2.8,1.3,1.2,0.8,0.4,0.5,1.2,1.1,8.1,-2.3,15.7,0,0,15.9,469,458,465,350,331,276,248,386,172,162,285,253,241,388,356,281,304,338,224,195,231,203,405,302,261,417,305,252,28,285,1
1631204,Marcus Sasser,Marcus,1610612765,DET,25.0,29,21,8,0.724,12.7,2.0,4.9,0.401,1.2,3.0,0.402,0.4,0.5,0.929,0.2,0.9,1.1,2.0,0.9,0.7,0.1,0.2,1.2,0.4,5.6,3.3,11.4,0,0,11.4,394,266,440,58,410,364,335,453,205,244,88,429,455,39,500,484,497,224,305,253,481,422,398,482,354,78,387,252,28,373,1
203935,Marcus Smart,Marcus,1610612747,LAL,32.0,60,39,21,0.65,28.7,3.1,7.7,0.399,1.6,4.8,0.336,1.7,2.1,0.816,0.6,2.2,2.8,2.8,1.5,1.4,0.4,0.2,2.6,2.3,9.5,4.0,20.8,0,0,20.2,154,65,273,113,114,248,203,458,131,115,281,164,176,189,333,298,316,149,160,39,230,381,60,131,216,59,218,252,28,209,1
1641813,Mark Sears,Mark,1610612749,MIL,24.0,7,1,6,0.143,3.7,0.9,1.9,0.462,0.6,1.1,0.5,0.9,1.1,0.75,0.1,0.1,0.3,0.3,0.6,0.0,0.0,0.0,0.6,0.9,3.1,1.7,3.3,0,0,4.3,492,525,465,534,556,500,513,258,358,425,15,307,313,318,527,557,558,537,399,541,510,516,522,358,457,132,541,252,28,523,1
1631109,Mark Williams,Mark,1610612756,PHX,24.0,56,33,23,0.589,23.6,4.7,7.4,0.633,0.0,0.0,1.0,2.2,2.9,0.767,3.1,5.0,8.1,1.0,1.1,0.9,0.9,0.5,2.2,2.4,11.6,-0.5,27.1,14,0,24.3,203,138,243,186,200,139,220,34,494,525,1,112,112,290,16,58,34,375,248,151,55,196,146,125,168,288,130,34,28,147,1
1628365,Markelle Fultz,Markelle,1610612761,TOR,27.0,2,1,1,0.5,12.4,0.5,3.0,0.167,0.0,0.0,0.0,0.0,0.0,0.0,0.0,0.0,0.0,3.5,1.5,1.0,0.0,0.0,0.5,0.0,1.0,-11.0,7.8,0,0,6.5,552,525,539,293,417,535,439,557,497,528,497,537,539,537,542,559,563,105,147,117,510,516,530,548,549,568,458,252,28,473,1
1628963,Marvin Bagley III,Marvin,1610612742,DAL,27.0,55,14,41,0.255,19.8,4.0,6.6,0.61,0.3,0.7,0.432,1.6,2.4,0.664,2.5,3.6,6.1,1.4,1.1,0.5,0.7,0.5,2.0,2.0,10.0,-3.5,21.8,6,0,20.1,214,356,41,476,276,180,250,44,429,466,46,174,151,439,36,139,74,309,246,389,95,164,188,154,204,477,200,78,28,210,2
203486,Mason Plumlee,Mason,1610612759,SAS,36.0,18,9,9,0.5,8.3,0.6,0.7,0.769,0.0,0.0,0.0,0.5,0.8,0.643,0.9,1.9,2.8,1.1,0.6,0.5,0.0,0.1,0.9,0.8,1.6,0.4,7.4,0,0,6.4,445,414,428,293,484,531,558,6,497,528,497,411,389,449,225,340,311,370,381,356,510,503,469,365,529,217,462,252,28,476,2
1641824,Matas Buzelis,Matas,1610612741,CHI,21.0,71,28,43,0.394,29.1,5.8,12.4,0.466,2.3,6.4,0.364,2.4,3.1,0.783,1.1,4.6,5.6,2.0,2.0,0.7,1.5,0.8,2.3,2.6,16.3,-3.2,30.6,3,0,30.6,26,186,30,388,105,87,84,249,61,51,200,104,103,255,163,75,92,225,80,244,17,64,111,111,86,466,94,117,28,85,1
1629680,Matisse Thybulle,Matisse,1610612757,POR,29.0,22,12,10,0.545,14.0,1.7,4.1,0.422,1.1,2.9,0.397,0.7,0.9,0.842,0.6,1.4,2.0,0.8,0.8,2.0,0.5,0.1,1.6,0.9,5.3,1.4,15.4,0,0,14.1,424,380,421,240,386,390,377,393,221,259,100,348,373,133,339,416,407,433,329,7,150,483,309,352,365,155,313,252,28,328,1
1631108,Max Christie,Max,1610612742,DAL,23.0,68,21,47,0.309,29.5,4.3,9.5,0.455,2.4,5.8,0.412,1.5,1.7,0.887,0.2,3.1,3.3,2.0,1.3,0.6,0.3,0.5,1.4,1.5,12.6,-4.4,21.0,0,0,22.1,60,266,17,436,102,162,146,280,54,70,66,189,223,72,495,189,262,226,194,306,255,159,366,218,145,509,211,252,28,179,1
1642917,Max Shulga,Max,1610612738,BOS,23.0,6,4,2,0.667,1.7,0.2,0.5,0.333,0.0,0.2,0.0,0.3,0.3,1.0,0.2,0.0,0.2,0.3,0.2,0.0,0.0,0.0,0.7,0.2,0.7,-0.5,1.2,0,0,1.2,499,471,523,92,570,559,566,521,497,507,497,455,485,1,517,559,561,524,530,541,510,516,501,532,563,289,567,252,28,566,1
1629622,Max Strus,Max,1610612739,CLE,29.0,6,5,1,0.833,23.9,4.2,8.2,0.51,3.3,6.8,0.488,0.8,1.0,0.833,1.3,5.2,6.5,2.0,0.8,0.5,0.0,0.3,3.0,1.0,12.5,3.8,24.0,0,0,25.3,499,458,539,15,197,173,188,127,7,36,24,316,339,148,123,46,66,228,320,356,510,280,27,320,147,65,159,252,28,133,1
1628467,Maxi Kleber,Maxi,1610612747,LAL,34.0,37,17,20,0.459,10.7,0.8,1.7,0.468,0.2,0.6,0.273,0.4,0.6,0.583,0.8,1.2,1.9,0.6,0.4,0.4,0.3,0.1,1.4,0.6,2.1,1.5,7.0,0,0,6.2,354,316,285,346,446,511,524,241,461,474,423,443,419,484,273,443,411,465,473,408,294,458,353,415,505,146,473,252,28,483,1
1642875,Maxime Raynaud,Maxime,1610612758,SAC,22.0,66,18,48,0.273,26.0,5.0,8.9,0.567,0.3,0.9,0.283,1.5,2.0,0.791,1.9,5.4,7.3,1.3,1.2,0.5,0.5,0.5,2.3,1.7,11.9,-6.5,24.5,16,0,22.8,80,298,10,458,167,119,166,73,437,448,415,186,194,242,70,41,46,336,221,356,130,171,104,191,160,544,155,27,28,169,1
1642877,Micah Peavy,Micah,1610612740,NOP,24.0,53,16,37,0.302,13.4,1.6,4.3,0.374,0.4,1.7,0.233,0.2,0.4,0.684,0.7,1.1,1.8,0.9,0.3,0.6,0.1,0.3,1.4,0.4,3.8,-1.9,9.2,0,0,8.3,233,327,69,439,399,401,367,498,407,367,452,485,484,416,286,458,423,403,502,311,438,306,362,487,431,397,430,252,28,442,1
1630695,Micah Potter,Micah,1610612754,IND,27.0,39,8,31,0.205,18.6,2.9,5.7,0.502,1.4,3.3,0.411,1.8,2.1,0.875,1.1,3.3,4.4,1.4,0.8,0.4,0.4,0.2,1.7,1.7,8.9,-2.5,17.9,3,0,17.7,339,420,114,515,302,270,292,146,173,213,68,152,179,86,157,162,165,310,328,398,232,371,275,190,235,429,263,117,28,253,1
1629008,Michael Porter Jr.,Michael,1610612751,BKN,27.0,52,14,38,0.269,32.5,8.5,18.4,0.463,3.4,9.3,0.363,3.8,4.4,0.859,1.3,5.7,7.1,3.0,2.3,1.1,0.3,0.7,2.2,3.5,24.2,-3.9,38.8,12,0,40.3,238,356,58,463,44,18,14,253,6,4,207,47,52,112,126,32,48,130,54,105,311,78,134,61,18,495,36,42,28,22,1
1628969,Mikal Bridges,Mikal,1610612752,NYK,29.0,74,48,26,0.649,33.4,5.9,12.1,0.485,2.0,5.3,0.375,1.0,1.2,0.826,1.0,3.0,4.0,3.9,1.0,1.3,0.8,0.2,2.0,1.5,14.7,3.8,30.6,1,0,28.8,1,12,201,114,34,84,91,189,86,94,162,291,311,168,189,194,193,78,251,50,73,364,214,233,105,64,95,183,28,107,1
201144,Mike Conley,Mike,1610612750,MIN,38.0,48,30,18,0.625,18.1,1.2,3.8,0.315,0.9,2.9,0.307,0.9,1.0,0.891,0.3,1.4,1.8,2.9,0.6,0.6,0.3,0.0,1.4,0.9,4.2,0.2,12.6,0,0,11.4,271,169,319,135,311,456,389,538,283,253,379,311,352,64,446,403,427,142,393,328,293,509,357,340,412,231,363,252,28,376,1
1628970,Miles Bridges,Miles,1610612766,CHA,28.0,68,37,31,0.544,31.5,6.3,13.9,0.45,2.0,6.0,0.324,2.8,3.4,0.825,0.9,4.9,5.9,3.3,1.5,0.6,0.4,0.5,1.7,2.4,17.2,2.1,30.8,7,0,30.4,60,91,114,244,57,72,57,302,89,64,324,82,91,172,200,59,79,123,155,299,177,195,272,124,71,113,91,67,28,87,1
1642939,Miles Kelly,Miles,1610612742,DAL,23.0,14,7,7,0.5,9.6,1.1,3.1,0.364,0.7,2.4,0.303,0.1,0.1,1.0,0.4,1.4,1.7,0.9,0.4,0.3,0.1,0.0,0.9,0.1,3.1,-0.9,7.1,0,0,7.1,461,432,457,293,468,464,432,505,317,298,389,531,537,1,436,418,435,415,457,465,479,516,475,546,459,320,471,252,28,464,1
1630540,Miles McBride,Miles,1610612752,NYK,25.0,35,22,13,0.629,28.0,4.5,10.3,0.434,2.9,6.9,0.42,1.0,1.2,0.814,0.6,2.0,2.6,2.8,0.8,0.9,0.2,0.3,1.8,1.0,12.9,6.3,22.4,0,0,23.2,367,248,390,131,125,153,131,355,20,30,57,270,300,192,327,327,334,153,339,177,378,345,242,314,142,21,188,252,28,160,1
1629011,Mitchell Robinson,Mitchell,1610612752,NYK,27.0,55,37,18,0.673,19.6,2.4,3.3,0.725,0.0,0.0,0.0,0.7,1.7,0.387,4.3,4.5,8.8,0.9,0.7,0.9,1.1,0.2,2.1,1.4,5.5,2.8,22.8,5,0,19.3,214,91,319,87,283,313,419,9,497,528,497,375,224,530,4,77,23,399,354,169,33,416,157,238,359,89,179,91,28,222,1
1628964,Mo Bamba,Mo,1610612762,UTA,27.0,4,3,1,0.75,11.0,1.3,2.8,0.455,0.0,0.0,0.0,0.0,0.0,0.0,2.5,3.0,5.5,0.3,0.5,0.0,0.8,0.0,1.5,0.3,2.5,-3.3,11.2,0,0,9.8,530,484,539,47,441,449,456,280,497,528,497,537,539,537,35,195,101,541,431,541,82,516,328,508,491,467,392,252,28,406,2
1642885,Mohamed Diawara,Mohamed,1610612752,NYK,20.0,63,39,24,0.619,9.0,1.3,3.1,0.431,0.8,1.9,0.4,0.2,0.3,0.706,0.2,1.2,1.4,0.7,0.4,0.2,0.1,0.1,0.7,0.2,3.6,0.9,6.9,0,0,7.1,110,65,228,144,474,438,437,370,306,342,93,497,503,388,487,446,476,448,453,490,454,481,494,523,440,180,476,252,28,463,1
1628420,Monte Morris,Monte,1610612754,IND,30.0,6,0,6,0.0,10.8,1.2,3.3,0.35,0.3,1.3,0.25,0.3,0.7,0.5,0.2,1.0,1.2,1.5,0.3,0.2,0.2,0.2,0.5,0.5,3.0,-4.8,7.3,0,0,6.7,499,551,465,551,444,462,416,515,418,412,437,455,408,507,517,461,492,292,486,508,380,426,530,435,461,521,464,252,28,472,1
1629021,Moritz Wagner,Moritz,1610612753,ORL,28.0,31,18,13,0.581,12.7,2.4,5.7,0.418,0.7,2.1,0.318,1.9,2.3,0.831,0.8,2.5,3.3,0.7,0.5,0.5,0.0,0.5,1.8,2.0,7.4,-2.0,13.4,0,0,13.1,384,298,390,196,411,314,293,405,325,319,345,141,161,157,260,252,261,445,412,391,505,158,258,156,282,405,353,252,28,345,1
1630541,Moses Moody,Moses,1610612744,GSW,23.0,60,30,30,0.5,25.7,4.1,9.3,0.44,2.5,6.3,0.401,1.5,1.9,0.77,0.9,2.5,3.3,1.6,1.0,1.0,0.6,0.4,2.0,1.4,12.1,1.3,22.2,0,0,22.7,154,169,130,293,173,178,153,336,42,53,92,197,202,285,241,256,256,278,280,133,122,233,191,244,154,157,192,252,28,171,1
1631243,Mouhamed Gueye,Mouhamed,1610612737,ATL,23.0,70,39,31,0.557,15.3,1.7,3.8,0.457,0.5,1.7,0.308,0.6,0.9,0.639,1.2,2.4,3.6,0.9,0.5,0.8,0.5,0.2,1.6,0.8,4.5,0.1,13.7,3,0,12.2,31,65,114,220,362,389,391,275,374,372,373,397,372,452,153,263,235,413,443,190,145,440,292,376,395,240,345,117,28,361,1
1630619,Moussa Cisse,Moussa,1610612742,DAL,23.0,34,10,24,0.294,12.5,1.4,2.4,0.59,0.0,0.0,0.0,0.9,1.9,0.439,2.0,2.9,4.9,0.2,0.7,0.4,1.1,0.3,1.8,1.5,3.7,0.0,13.5,1,0,11.7,375,402,228,444,414,419,475,56,497,528,497,312,196,527,66,208,141,543,352,438,37,337,252,222,434,245,349,183,28,366,1
1631217,Moussa Diabaté,Moussa,1610612766,CHA,24.0,65,36,29,0.554,26.0,3.2,5.1,0.627,0.0,0.0,0.5,1.7,2.5,0.663,3.7,5.0,8.7,1.9,1.0,0.8,1.0,0.6,2.4,2.7,8.1,5.4,25.9,18,0,22.4,87,105,146,229,164,233,326,37,496,522,15,165,138,440,9,57,24,241,254,201,42,135,100,95,263,35,139,25,28,175,1
1626167,Myles Turner,Myles,1610612749,MIL,30.0,66,27,39,0.409,27.1,4.0,9.1,0.44,2.1,5.4,0.384,1.8,2.5,0.748,1.0,4.2,5.3,1.5,1.2,0.7,1.5,0.5,2.6,2.2,11.9,-3.1,25.8,3,0,25.1,80,202,51,378,144,186,161,338,66,83,136,148,144,335,171,100,114,300,219,248,15,203,64,136,160,457,140,117,28,136,1
1642066,Myron Gardner,Myron,1610612748,MIA,24.0,40,22,18,0.55,9.8,1.4,3.0,0.475,0.7,1.6,0.406,0.5,0.7,0.731,0.9,2.0,2.9,1.0,0.4,0.5,0.2,0.2,1.8,0.6,3.9,1.8,10.6,1,0,9.8,331,248,319,235,462,426,448,219,336,379,74,421,418,356,205,326,299,375,483,356,374,442,250,420,426,129,402,183,28,403,1
1642368,N'Faly Dante,N'Faly,1610612737,ATL,24.0,4,3,1,0.75,3.9,0.3,1.0,0.25,0.0,0.0,0.0,0.3,0.3,1.0,0.8,1.0,1.8,0.0,0.3,0.5,0.0,0.0,0.3,0.5,0.8,2.5,4.1,0,0,3.5,530,484,539,47,553,557,548,550,497,528,497,479,507,1,276,461,431,558,511,356,510,516,554,435,561,101,529,252,28,539,1
1641772,Nae'Qwan Tomlin,Nae'Qwan,1610612739,CLE,25.0,58,38,20,0.655,15.2,2.2,4.7,0.469,0.3,1.7,0.204,0.7,1.0,0.75,1.2,1.4,2.7,0.8,0.4,0.7,0.5,0.4,1.9,0.7,5.5,0.6,13.0,0,0,11.6,179,84,285,107,363,342,342,238,415,370,467,351,350,318,138,407,328,438,472,264,142,252,222,396,357,202,358,252,28,368,1
1630230,Naji Marshall,Naji,1610612742,DAL,28.0,70,23,47,0.329,29.7,5.7,11.1,0.517,0.9,2.9,0.298,3.1,4.1,0.765,0.9,3.8,4.8,3.3,1.6,1.0,0.1,0.7,1.9,2.6,15.4,-2.7,27.7,2,0,26.5,31,236,17,430,100,90,115,119,289,250,401,71,63,294,209,124,151,121,129,116,464,101,231,107,93,443,122,146,28,121,1
1631466,Nate Williams,Nate,1610612744,GSW,27.0,10,2,8,0.2,13.4,2.5,4.7,0.532,0.7,1.5,0.467,1.1,1.3,0.846,1.2,0.5,1.7,0.9,0.8,0.3,0.0,0.2,1.7,1.4,6.8,-4.0,10.3,0,0,10.7,479,504,440,516,397,305,343,98,321,393,27,250,283,126,142,534,439,404,339,461,510,389,281,244,305,499,409,252,28,389,1
1629675,Naz Reid,Naz,1610612750,MIN,26.0,70,44,26,0.629,26.1,5.2,11.1,0.466,2.2,5.8,0.372,1.2,1.6,0.732,1.2,5.1,6.3,2.3,1.6,1.0,1.0,0.5,2.5,1.5,13.7,2.6,29.0,6,0,28.4,31,36,201,131,163,116,114,250,64,69,176,237,230,353,145,51,69,202,132,131,45,202,74,225,121,98,112,78,28,111,1
1629674,Neemias Queta,Neemias,1610612738,BOS,26.0,69,46,23,0.667,25.2,4.1,6.4,0.64,0.0,0.1,0.0,1.6,2.3,0.698,2.9,5.4,8.3,1.6,1.1,0.8,1.3,0.5,2.8,2.4,9.8,5.2,27.4,14,0,23.9,46,21,243,92,178,176,261,29,497,511,497,178,158,403,23,40,31,281,240,192,27,168,41,121,208,37,124,34,28,153,1
1629651,Nic Claxton,Nic,1610612751,BKN,26.0,65,16,49,0.246,28.1,4.8,8.5,0.567,0.0,0.3,0.176,2.1,3.4,0.608,2.5,4.5,7.0,3.7,1.4,0.7,1.2,0.7,2.3,3.5,11.8,-7.4,29.9,11,2,26.2,87,327,5,488,123,132,181,74,482,500,479,127,88,472,34,81,50,94,169,250,31,84,112,57,164,554,105,47,13,125,1
1630208,Nick Richards,Nick,1610612741,CHI,28.0,48,20,28,0.417,14.6,2.1,4.2,0.512,0.1,0.4,0.278,1.4,2.1,0.644,1.6,3.5,5.1,0.3,1.2,0.2,0.7,0.7,1.8,1.7,5.8,-2.8,13.7,4,0,13.0,271,280,162,373,376,347,374,125,473,488,420,211,175,448,90,142,126,524,217,494,101,79,240,195,347,449,344,102,28,346,2
1641733,Nick Smith Jr.,Nick,1610612747,LAL,21.0,25,12,13,0.48,12.7,2.2,5.3,0.421,1.1,2.8,0.391,0.3,0.4,0.636,0.1,0.7,0.8,1.1,0.8,0.4,0.1,0.2,1.0,0.6,5.8,-0.7,9.0,0,0,9.7,410,380,390,334,409,335,312,397,234,266,110,473,466,456,537,511,530,362,347,432,468,389,461,420,341,310,434,252,28,408,1
1629638,Nickeil Alexander-Walker,Nickeil,1610612737,ATL,27.0,71,38,33,0.535,33.2,6.9,15.2,0.45,3.1,8.0,0.39,3.6,4.0,0.9,0.7,2.8,3.4,3.7,2.1,1.3,0.5,0.8,2.2,3.7,20.4,2.2,33.4,2,0,34.2,26,84,96,258,37,54,44,305,15,15,114,53,69,49,317,221,246,97,77,55,149,47,138,50,38,111,71,146,28,51,1
201587,Nicolas Batum,Nicolas,1610612746,LAC,37.0,68,37,31,0.544,18.2,1.3,3.3,0.401,1.3,3.2,0.401,0.1,0.2,0.818,0.3,2.3,2.6,0.9,0.5,0.7,0.3,0.0,1.4,0.1,4.1,-0.1,11.1,0,0,10.9,60,91,114,244,307,437,415,455,191,222,91,518,523,181,455,280,333,409,422,252,255,515,361,542,417,256,396,252,28,388,1
1628502,Nigel Hayes-Davis,Nigel,1610612756,PHX,31.0,27,15,12,0.556,7.2,0.6,1.7,0.326,0.1,0.6,0.125,0.1,0.1,0.5,0.4,0.8,1.2,0.3,0.3,0.3,0.1,0.0,0.6,0.1,1.3,-2.7,3.9,0,0,3.6,401,346,404,223,499,531,523,531,479,475,490,530,527,507,398,501,486,540,499,462,474,513,520,539,543,439,533,252,28,538,1
203999,Nikola Jokić,Nikola,1610612743,DEN,31.0,58,36,22,0.621,34.8,9.9,17.4,0.57,1.8,4.7,0.38,6.2,7.4,0.831,2.9,9.9,12.8,10.8,3.8,1.4,0.8,0.8,2.8,6.7,27.8,8.1,62.4,49,30,57.7,179,105,262,143,14,7,21,71,110,122,147,12,12,156,24,1,1,1,3,35,74,56,43,3,8,11,1,2,1,2,1
1631107,Nikola Jović,Nikola,1610612748,MIA,22.0,46,23,23,0.5,17.3,2.5,6.7,0.367,1.0,3.5,0.27,1.5,2.2,0.683,0.5,2.8,3.3,2.2,1.4,0.6,0.4,0.3,1.4,1.8,7.4,0.3,16.0,0,0,15.7,297,236,243,293,327,308,246,503,271,193,428,189,168,417,357,219,259,214,165,326,227,303,358,182,281,223,294,252,28,288,1
1642260,Nikola Topić,Nikola,1610612760,OKC,20.0,5,3,2,0.6,10.5,1.4,3.2,0.438,0.4,1.0,0.4,0.0,0.0,0.0,0.4,1.2,1.6,2.0,2.2,0.0,0.0,0.6,0.8,0.4,3.2,-0.2,5.9,0,0,7.2,516,484,523,167,450,426,428,344,403,434,93,537,539,537,420,437,452,228,63,541,510,122,480,475,455,270,494,252,28,462,1
202696,Nikola Vučević,Nikola,1610612738,BOS,35.0,60,32,28,0.533,29.0,6.4,12.8,0.496,1.6,4.3,0.373,1.3,1.5,0.835,2.0,6.6,8.6,3.4,1.3,0.6,0.7,0.5,2.0,1.9,15.6,-0.8,33.5,23,0,31.7,154,154,162,261,108,65,82,162,136,148,173,221,247,145,58,21,26,112,185,292,101,187,207,175,91,312,67,17,28,73,2
1642363,Nique Clifford,Nique,1610612758,SAC,24.0,67,18,49,0.269,23.9,3.0,7.3,0.409,1.0,2.9,0.335,0.8,1.2,0.692,0.9,2.7,3.6,2.2,1.3,0.9,0.3,0.5,2.1,0.9,7.7,-2.7,17.7,0,0,17.0,70,298,5,465,198,259,226,432,268,255,284,327,310,409,218,230,230,216,184,145,269,190,172,349,270,441,265,252,28,261,1
1642855,Noa Essengue,Noa,1610612741,CHI,19.0,2,1,1,0.5,3.0,0.0,1.5,0.0,0.0,1.0,0.0,0.0,0.0,0.0,0.0,0.0,0.0,0.0,0.0,0.5,0.0,0.5,0.5,0.0,0.0,-7.5,1.5,0,0,1.0,552,525,539,293,566,562,529,562,497,434,497,537,539,537,542,559,563,558,543,356,510,171,530,548,567,557,565,252,28,567,1
1641730,Noah Clowney,Noah,1610612751,BKN,21.0,62,16,46,0.258,27.3,3.8,9.7,0.396,2.0,6.0,0.333,2.8,3.5,0.804,0.8,3.3,4.1,1.7,1.5,0.7,0.7,0.6,2.6,2.9,12.5,-4.8,22.6,1,0,23.1,131,327,20,473,139,191,143,463,76,63,285,81,86,218,243,160,184,269,141,230,104,116,70,84,148,519,184,183,28,162,1
1642869,Noah Penda,Noah,1610612753,ORL,21.0,53,26,27,0.491,13.6,1.5,3.7,0.415,0.5,1.6,0.337,0.6,0.9,0.688,1.3,2.2,3.4,1.2,0.8,0.5,0.3,0.2,1.2,0.8,4.2,-0.5,12.0,2,0,11.2,233,207,183,322,393,412,397,416,367,377,275,385,365,413,131,297,250,348,348,339,239,372,391,380,408,287,372,146,28,382,1
1642849,Nolan Traore,Nolan,1610612751,BKN,19.0,49,11,38,0.224,22.1,3.0,8.1,0.373,1.0,3.1,0.327,1.2,1.6,0.782,0.3,1.4,1.7,3.7,2.2,0.7,0.4,0.7,2.1,1.3,8.3,-5.5,17.0,1,0,16.9,261,395,58,501,231,253,189,499,248,241,320,227,231,260,478,414,446,90,66,263,198,105,159,260,251,537,278,183,28,262,1
1641807,Norchad Omier,Norchad,1610612746,LAC,24.0,3,3,0,1.0,4.7,1.3,1.7,0.8,0.0,0.3,0.0,0.0,0.0,0.0,0.7,0.7,1.3,0.3,0.0,0.3,0.0,0.0,0.7,0.0,2.7,-5.3,5.8,0,0,5.0,544,484,563,1,538,438,525,4,497,492,497,537,539,537,309,515,478,524,543,443,510,516,501,548,481,535,497,252,28,507,1
1626181,Norman Powell,Norman,1610612748,MIA,32.0,55,28,27,0.509,30.1,7.4,15.7,0.473,2.7,7.1,0.384,4.5,5.5,0.825,0.4,3.2,3.6,2.6,1.9,1.1,0.3,0.9,2.3,3.9,22.1,1.3,32.5,1,0,33.8,214,186,183,285,88,36,40,223,27,26,135,34,37,170,434,170,231,177,88,79,308,38,128,44,27,161,78,183,28,55,1
1628384,OG Anunoby,OG,1610612752,NYK,28.0,60,40,20,0.667,33.2,5.9,12.1,0.489,2.3,5.9,0.381,2.7,3.3,0.814,1.3,3.9,5.2,2.2,1.9,1.6,0.7,0.8,2.5,2.4,16.8,6.2,31.4,4,0,31.1,154,55,285,92,35,79,90,182,62,67,141,87,94,191,127,123,120,209,89,16,94,45,91,126,80,23,86,102,28,78,1
1630167,Obi Toppin,Obi,1610612754,IND,28.0,16,1,15,0.063,17.3,3.7,7.4,0.496,1.3,4.3,0.309,1.4,1.6,0.846,0.6,3.7,4.3,2.2,1.3,0.6,0.1,0.2,1.4,1.4,10.1,-2.5,19.1,0,0,19.1,452,525,360,550,326,200,217,165,187,148,372,205,229,126,347,132,174,210,205,328,484,412,363,249,200,425,240,252,28,229,1
1630534,Ochai Agbaji,Ochai,1610612751,BKN,25.0,58,26,32,0.448,15.5,1.9,4.3,0.44,0.5,1.9,0.268,0.5,0.6,0.811,0.7,1.5,2.2,0.8,0.5,0.4,0.3,0.4,1.5,0.6,4.8,-1.3,10.2,0,0,9.7,179,207,105,356,359,370,363,335,371,340,430,405,421,204,285,392,376,438,421,415,283,269,325,428,384,348,412,252,28,407,2
1630846,Olivier Sarr,Olivier,1610612739,CLE,27.0,1,1,0,1.0,4.2,0.0,0.0,0.0,0.0,0.0,0.0,1.0,2.0,0.5,0.0,0.0,0.0,0.0,0.0,0.0,0.0,0.0,2.0,1.0,1.0,-7.0,1.0,0,0,1.0,564,525,563,1,545,562,571,562,497,528,497,270,184,507,542,559,563,558,543,541,510,516,196,320,549,546,570,252,28,567,1
1641765,Olivier-Maxence Prosper,Olivier-Maxence,1610612763,MEM,23.0,49,15,34,0.306,18.6,3.4,6.3,0.537,1.1,2.7,0.405,1.6,2.1,0.76,1.1,2.4,3.5,1.0,0.9,0.7,0.2,0.3,1.5,1.6,9.5,-4.4,17.2,1,0,17.0,261,346,85,438,301,221,266,92,232,273,81,176,174,305,159,262,239,393,298,232,318,336,327,212,215,508,273,183,28,259,1
1630209,Omer Yurtseven,Omer,1610612744,GSW,27.0,6,2,4,0.333,10.5,0.8,2.7,0.313,0.0,0.5,0.0,1.2,2.0,0.583,1.8,1.0,2.8,0.7,1.0,0.3,0.0,0.5,1.3,2.0,2.8,-1.0,7.2,0,0,7.0,499,504,490,421,449,504,459,539,497,477,497,238,184,484,77,461,302,453,254,443,510,171,371,156,475,331,466,252,28,465,1
1630168,Onyeka Okongwu,Onyeka,1610612737,ATL,25.0,68,37,31,0.544,31.0,5.7,11.7,0.484,2.0,5.2,0.378,2.0,2.7,0.753,1.9,5.8,7.6,3.2,1.7,1.1,1.1,0.7,3.4,2.2,15.3,0.7,34.1,15,0,32.5,60,91,114,244,70,92,99,192,89,99,154,133,128,317,75,30,39,127,115,91,39,85,16,135,96,197,61,31,28,67,1
1631115,Orlando Robinson,Orlando,1610612753,ORL,25.0,4,2,2,0.5,6.2,0.8,1.3,0.6,0.3,0.5,0.5,0.0,0.0,0.0,0.5,0.5,1.0,0.8,0.0,0.3,0.0,0.0,0.8,0.3,1.8,-2.8,4.8,0,0,4.3,530,504,523,293,517,513,539,47,439,477,15,537,539,537,370,534,505,440,543,476,510,516,489,508,527,445,518,252,28,524,1
1631131,Oscar Tshiebwe,Oscar,1610612762,UTA,26.0,18,2,16,0.111,14.3,2.5,3.9,0.643,0.0,0.0,0.0,0.8,1.3,0.609,2.4,2.6,4.9,1.0,0.5,0.4,0.2,0.5,1.2,0.9,5.8,-0.2,14.5,0,0,12.9,445,504,346,545,379,305,384,28,497,528,497,335,287,471,40,247,134,375,431,392,380,171,408,335,344,264,327,252,28,348,1
1642345,Oso Ighodaro,Oso,1610612756,PHX,23.0,73,40,33,0.548,22.0,2.9,4.4,0.648,0.0,0.0,0.0,0.7,1.4,0.466,1.7,3.3,4.9,2.2,1.2,1.0,0.6,0.3,2.7,1.3,6.4,2.0,19.1,4,0,16.7,7,55,96,239,234,268,354,26,497,527,497,374,264,526,84,163,136,213,214,135,109,293,55,261,323,115,239,102,28,267,1
1631172,Ousmane Dieng,Ousmane,1610612749,MIL,22.0,47,30,17,0.638,16.5,2.4,5.4,0.434,1.1,2.9,0.397,0.3,0.4,0.722,0.4,2.1,2.5,1.7,0.8,0.3,0.3,0.3,1.3,0.4,6.1,-3.0,12.8,2,0,12.8,288,169,337,123,341,320,306,356,216,256,99,476,479,370,396,310,347,274,325,441,261,312,386,473,332,451,361,146,28,351,2
1629023,P.J. Washington,P.J.,1610612742,DAL,27.0,54,14,40,0.259,31.1,5.3,11.9,0.449,1.3,4.2,0.319,2.3,3.4,0.687,1.5,5.6,7.1,1.8,1.7,1.0,1.1,0.8,2.1,2.5,14.3,-5.0,30.3,8,0,28.8,228,356,45,470,66,108,95,310,180,154,344,108,90,414,96,35,47,250,124,114,35,65,154,119,108,523,99,62,28,105,1
1641790,PJ Hall,PJ,1610612766,CHA,24.0,19,7,12,0.368,11.2,1.6,3.1,0.508,0.2,0.3,0.6,1.2,1.5,0.793,1.7,2.2,3.9,0.5,0.8,0.2,0.5,0.5,1.2,1.1,4.5,-1.5,11.3,1,0,10.5,438,432,404,401,434,403,436,131,462,499,8,232,245,236,80,291,198,487,313,516,139,156,414,297,396,365,391,183,28,392,2
1642359,Pacôme Dadiet,Pacôme,1610612752,NYK,20.0,25,16,9,0.64,3.7,0.4,1.2,0.31,0.2,0.8,0.25,0.2,0.2,1.0,0.1,0.7,0.8,0.4,0.1,0.1,0.0,0.0,0.2,0.2,1.2,0.6,3.1,0,0,2.9,410,327,428,122,555,551,546,540,448,455,437,486,510,1,532,514,530,517,539,529,502,511,561,537,548,201,546,252,28,549,1
1631094,Paolo Banchero,Paolo,1610612753,ORL,23.0,63,32,31,0.508,35.0,7.6,16.4,0.462,1.3,4.0,0.316,6.4,8.2,0.782,1.2,7.2,8.4,5.1,3.0,0.7,0.6,1.3,1.9,5.5,22.8,-0.3,41.4,24,2,40.1,110,154,114,288,10,31,29,255,195,170,353,8,6,259,144,14,30,49,20,265,113,4,225,10,26,273,21,14,13,24,1
1627783,Pascal Siakam,Pascal,1610612754,IND,31.0,59,15,44,0.254,33.4,8.9,18.5,0.48,1.7,4.7,0.357,4.3,6.2,0.691,1.4,5.2,6.6,3.8,2.2,1.1,0.4,0.7,2.4,5.1,23.7,-4.3,39.7,9,0,38.9,171,346,27,478,33,15,13,200,124,120,223,38,23,411,110,49,64,87,59,89,188,72,94,19,22,506,31,58,28,29,1
1626192,Pat Connaughton,Pat,1610612766,CHA,33.0,35,21,14,0.6,7.4,1.0,2.2,0.449,0.5,1.4,0.396,0.3,0.5,0.667,0.3,1.1,1.5,0.5,0.3,0.3,0.0,0.1,0.2,0.5,2.9,-0.8,6.1,0,0,6.0,367,266,379,167,496,477,490,309,369,410,101,451,449,427,444,449,470,507,509,465,507,447,560,456,474,314,488,252,28,485,1
1630311,Pat Spencer,Pat,1610612744,GSW,29.0,57,28,29,0.491,17.6,2.6,6.2,0.429,0.8,2.3,0.364,0.7,0.8,0.792,0.7,1.5,2.2,3.4,1.2,0.7,0.1,0.5,1.1,0.7,6.8,-1.1,15.7,1,0,14.9,194,186,146,320,322,292,273,374,292,301,200,365,377,240,296,387,375,111,218,238,480,192,418,401,304,335,304,183,28,309,1
1631116,Patrick Baldwin Jr.,Patrick,1610612758,SAC,23.0,9,3,6,0.333,11.4,1.2,3.0,0.407,0.7,1.6,0.429,0.6,0.8,0.714,1.3,1.2,2.6,0.6,0.6,0.3,0.6,0.0,1.7,0.6,3.7,-4.3,9.7,0,0,9.2,486,484,465,421,430,455,439,435,329,386,49,398,389,377,123,434,340,479,407,443,125,516,288,427,437,507,420,252,28,424,3
1630172,Patrick Williams,Patrick,1610612741,CHI,24.0,62,22,40,0.355,19.7,2.5,6.4,0.386,1.3,3.6,0.368,0.7,1.0,0.695,0.7,2.1,2.8,1.3,1.0,0.6,0.3,0.4,1.3,0.8,6.9,-4.9,14.1,0,0,14.3,131,248,45,407,282,309,264,479,186,189,187,372,353,405,299,302,303,332,254,287,257,247,376,373,299,522,336,252,28,323,1
202331,Paul George,Paul,1610612755,PHI,35.0,28,17,11,0.607,30.4,5.8,13.4,0.428,2.6,6.6,0.387,2.3,2.7,0.855,0.6,4.6,5.2,3.7,1.6,1.6,0.5,0.4,2.2,2.4,16.4,4.0,32.8,1,0,32.0,397,316,416,158,81,88,66,377,38,44,126,107,126,120,344,73,119,95,137,21,150,212,136,122,85,60,75,183,28,70,1
1630194,Paul Reed,Paul,1610612765,DET,26.0,56,40,16,0.714,13.3,3.0,5.0,0.597,0.2,0.6,0.324,1.0,1.6,0.632,2.0,2.3,4.3,1.1,0.9,0.9,0.8,0.4,1.8,1.2,7.1,1.9,18.2,2,0,16.1,203,55,346,63,402,261,334,54,453,471,327,286,239,459,58,273,172,360,299,177,66,241,246,288,290,119,255,146,28,277,1
1630202,Payton Pritchard,Payton,1610612738,BOS,28.0,71,48,23,0.676,32.5,6.3,13.9,0.457,2.6,7.2,0.367,1.6,1.8,0.881,0.9,3.2,4.0,5.2,1.4,0.7,0.1,0.5,1.5,1.5,16.9,5.1,30.8,4,0,30.5,26,12,243,85,43,66,58,273,35,25,189,181,212,78,237,175,192,46,172,225,427,140,339,217,79,40,92,102,28,86,1
1642362,Payton Sandfort,Payton,1610612760,OKC,23.0,1,1,0,1.0,4.7,1.0,3.0,0.333,1.0,2.0,0.5,0.0,0.0,0.0,0.0,1.0,1.0,0.0,1.0,0.0,0.0,0.0,3.0,0.0,3.0,-10.0,3.2,0,0,5.0,564,525,563,1,536,477,439,521,248,333,15,537,539,537,542,461,505,558,254,541,510,516,27,548,461,566,545,252,28,507,1
1641796,Pelle Larsson,Pelle,1610612748,MIA,25.0,63,35,28,0.556,25.9,3.7,7.6,0.491,0.9,2.7,0.331,2.6,3.2,0.812,1.0,2.4,3.4,3.3,1.4,0.7,0.2,0.5,2.0,3.2,11.0,0.8,21.4,0,0,20.4,110,116,162,223,169,197,209,178,284,272,309,91,98,199,191,266,254,115,166,246,322,167,186,70,182,185,207,252,28,206,1
1631250,Pete Nance,Pete,1610612749,MIL,26.0,39,12,27,0.308,13.1,1.9,3.5,0.541,0.9,2.1,0.45,0.0,0.2,0.167,0.5,1.8,2.3,0.8,0.5,0.2,0.3,0.1,1.1,0.2,4.7,-0.4,9.6,0,0,9.7,339,380,183,437,406,373,408,89,275,328,30,536,525,536,366,357,368,435,446,486,306,474,436,517,390,282,421,252,28,412,1
1631212,Peyton Watson,Peyton,1610612743,DEN,23.0,51,33,18,0.647,30.3,5.4,10.9,0.499,1.5,3.7,0.415,2.6,3.6,0.728,0.9,4.0,4.9,2.0,1.7,1.0,1.1,0.6,2.5,2.7,15.0,3.5,28.6,2,0,27.7,246,138,319,115,83,105,121,161,147,181,63,89,78,359,228,107,138,228,123,129,34,120,90,97,99,73,113,146,28,114,1
1630173,Precious Achiuwa,Precious,1610612758,SAC,26.0,65,17,48,0.262,23.3,4.0,7.6,0.53,0.4,1.3,0.317,0.9,1.6,0.575,2.2,4.3,6.5,1.3,0.8,0.9,0.7,0.5,1.7,1.3,9.4,-3.8,23.2,10,0,20.8,87,316,10,469,205,181,210,99,403,418,347,297,228,488,47,92,65,337,346,159,93,150,285,253,218,487,173,53,28,202,1
1629656,Quentin Grimes,Quentin,1610612755,PHI,25.0,66,37,29,0.561,30.1,4.7,10.3,0.452,1.7,5.3,0.329,2.8,3.4,0.839,0.6,3.1,3.7,3.5,1.9,0.9,0.4,0.4,2.1,2.8,13.9,-0.1,25.6,2,0,25.4,80,91,146,217,87,140,134,293,115,91,317,79,89,139,324,187,217,109,96,149,211,228,183,85,117,260,143,146,28,131,1
1631245,Quenton Jackson,Quenton,1610612754,IND,27.0,41,7,34,0.171,17.0,2.8,6.0,0.467,0.9,2.3,0.379,1.8,2.2,0.815,0.6,1.6,2.2,2.4,1.2,0.5,0.1,0.5,1.6,2.5,8.3,-1.5,15.4,1,0,15.1,326,432,85,528,332,277,279,244,287,300,149,149,164,190,350,377,383,192,223,348,403,162,312,117,252,367,311,183,28,301,1
1642366,Quinten Post,Quinten,1610612744,GSW,26.0,66,32,34,0.485,17.5,2.9,6.6,0.441,1.4,4.2,0.336,0.5,0.7,0.791,1.0,3.0,4.0,1.4,0.8,0.4,0.5,0.3,1.9,0.8,7.8,0.9,16.6,0,0,16.5,80,154,85,329,323,265,248,334,166,153,280,406,416,242,177,193,191,308,312,416,143,344,233,379,269,179,283,252,28,271,1
1629628,RJ Barrett,RJ,1610612761,TOR,25.0,48,28,20,0.583,30.0,7.0,14.1,0.493,1.7,5.0,0.344,3.3,4.7,0.695,0.9,4.4,5.3,3.3,1.7,0.8,0.3,1.3,2.5,3.4,18.9,1.6,31.8,0,0,31.4,271,186,285,192,89,49,54,173,118,103,256,61,47,406,208,85,108,119,122,223,271,7,75,65,55,140,83,252,28,75,1
1642853,Rasheer Fleming,Rasheer,1610612756,PHX,21.0,47,25,22,0.532,11.3,1.4,3.5,0.398,0.8,2.2,0.353,0.3,0.6,0.571,1.1,1.1,2.2,0.2,0.4,0.3,0.4,0.1,1.1,0.4,3.9,1.0,8.7,0,0,8.6,288,216,262,265,432,425,402,460,304,314,237,453,435,491,162,454,378,544,478,441,218,461,420,464,427,173,440,252,28,439,1
1642484,RayJ Dennis,RayJ,1610612737,ATL,24.0,16,3,13,0.188,11.2,1.4,4.6,0.301,0.8,2.4,0.308,0.5,0.6,0.889,0.5,0.9,1.4,1.9,0.9,0.3,0.3,0.1,1.1,0.5,4.0,-2.4,9.1,0,0,9.1,452,484,390,525,435,432,346,543,310,294,373,411,442,66,370,480,473,244,283,476,311,464,432,435,418,419,433,252,28,427,3
1641712,Rayan Rupert,Rayan,1610612763,MEM,21.0,59,28,31,0.475,15.2,1.5,4.0,0.384,0.6,1.9,0.333,0.4,0.6,0.735,0.6,1.9,2.5,0.8,0.7,0.7,0.1,0.4,1.7,0.5,4.1,-3.7,10.1,0,0,9.7,171,186,114,338,364,409,381,483,342,344,285,434,437,349,336,342,351,432,359,228,450,246,265,451,414,483,414,252,28,409,2
1642263,Reed Sheppard,Reed,1610612745,HOU,21.0,73,44,29,0.603,26.3,4.9,11.6,0.425,2.7,7.0,0.385,0.9,1.1,0.807,0.4,2.5,2.9,3.4,1.6,1.5,0.7,0.5,2.1,0.9,13.5,3.1,27.1,2,0,26.9,7,36,146,166,157,127,101,385,31,29,131,302,317,212,431,250,297,110,133,24,100,206,158,344,126,84,131,146,28,119,1
1642434,Riley Minix,Riley,1610612739,CLE,25.0,6,5,1,0.833,3.9,1.3,2.0,0.667,0.5,1.0,0.5,0.0,0.0,0.0,0.3,0.5,0.8,0.7,0.3,0.2,0.0,0.0,0.5,0.0,3.2,0.7,5.3,0,0,5.5,499,458,539,15,552,438,505,16,378,434,15,537,539,537,446,534,523,453,486,508,510,516,530,548,456,193,506,252,28,493,2
1642265,Rob Dillingham,Rob,1610612741,CHI,21.0,55,27,28,0.491,13.5,2.2,5.7,0.381,0.5,1.7,0.312,0.5,0.7,0.763,0.3,1.5,1.8,2.2,1.3,0.7,0.1,0.5,1.7,0.7,5.4,-2.0,11.9,0,0,11.5,214,202,162,321,396,346,295,486,370,369,364,401,405,297,472,397,429,207,204,242,478,164,286,395,362,406,374,252,28,372,2
1629057,Robert Williams III,Robert,1610612757,POR,28.0,51,25,26,0.49,17.0,3.1,4.3,0.716,0.1,0.4,0.333,0.6,0.9,0.617,2.4,4.5,7.0,1.0,0.9,0.6,1.5,0.2,1.2,0.7,6.8,0.2,22.3,4,0,19.2,246,216,201,324,334,251,368,10,466,487,285,395,361,467,39,76,53,374,304,297,14,383,396,392,301,229,191,102,28,223,1
1642911,Rocco Zikarsky,Rocco,1610612750,MIN,19.0,4,0,4,0.0,4.1,0.8,1.3,0.6,0.0,0.0,0.0,0.0,0.0,0.0,0.5,0.8,1.3,0.0,0.0,0.0,0.8,0.0,0.3,0.0,1.5,0.0,5.3,0,0,4.3,530,551,490,551,549,513,539,47,497,528,497,537,539,537,370,503,483,558,543,541,82,516,554,548,532,246,508,252,28,524,1
1631199,Ron Harper Jr.,Ron,1610612738,BOS,25.0,24,17,7,0.708,10.3,1.3,3.3,0.385,0.9,2.6,0.339,0.0,0.1,0.5,0.6,1.0,1.5,0.6,0.2,0.2,0.3,0.0,0.8,0.2,3.4,0.4,7.5,0,0,7.5,415,316,457,70,453,449,424,481,288,283,268,533,535,507,342,478,459,462,521,508,242,509,489,522,447,220,461,252,28,457,1
1641842,Ronald Holland II,Ronald,1610612765,DET,20.0,69,49,20,0.71,19.9,3.0,6.9,0.433,0.6,2.5,0.222,1.6,2.0,0.818,1.1,3.1,4.2,1.3,1.3,1.2,0.3,0.6,2.3,2.0,8.2,1.8,18.3,2,0,17.1,46,8,285,67,273,255,237,358,366,292,457,173,189,185,156,190,178,335,203,77,276,128,124,166,257,128,253,146,28,258,1
1626220,Royce O'Neale,Royce,1610612756,PHX,32.0,70,39,31,0.557,29.1,3.5,8.3,0.419,2.8,6.9,0.406,0.3,0.5,0.719,0.7,4.1,4.8,2.8,1.4,1.1,0.4,0.1,2.3,0.7,10.0,-1.5,23.3,2,0,23.6,31,65,114,220,107,214,187,403,25,35,74,463,460,374,281,104,145,152,174,80,194,476,117,393,203,362,170,146,28,157,1
203497,Rudy Gobert,Rudy,1610612750,MIN,33.0,70,44,26,0.629,31.4,4.4,6.4,0.693,0.0,0.1,0.0,2.2,4.1,0.524,4.0,7.5,11.5,1.7,1.4,0.8,1.7,0.5,2.6,4.1,11.0,3.3,33.4,30,0,29.2,31,36,201,131,58,155,260,12,497,516,497,120,59,504,6,10,4,265,180,206,8,194,63,39,178,77,69,10,28,102,1
1629060,Rui Hachimura,Rui,1610612747,LAL,28.0,59,41,18,0.695,28.5,4.4,8.6,0.505,1.7,3.9,0.438,0.7,0.9,0.759,0.6,2.6,3.2,0.8,0.6,0.5,0.3,0.4,1.6,0.6,11.1,0.8,18.1,0,0,18.6,171,48,319,76,116,160,175,139,119,172,42,359,363,306,336,237,272,418,373,344,275,271,298,418,175,186,258,252,28,238,1
201566,Russell Westbrook,Russell,1610612758,SAC,37.0,64,16,48,0.25,28.9,5.6,13.1,0.427,2.0,5.9,0.338,2.0,2.9,0.694,1.3,4.2,5.4,6.7,3.3,1.3,0.2,0.7,2.3,2.2,15.2,-7.1,32.9,16,6,32.2,98,327,10,480,110,98,76,380,80,66,271,137,115,408,133,102,104,21,11,52,361,104,120,138,98,548,74,27,5,69,1
1642346,Ryan Dunn,Ryan,1610612756,PHX,23.0,63,36,27,0.571,19.6,2.4,5.3,0.447,0.8,2.5,0.338,0.3,0.6,0.5,1.4,2.7,4.2,1.4,0.8,0.9,0.4,0.3,2.0,0.5,5.9,0.0,16.1,1,0,14.9,110,105,183,200,285,318,317,316,294,290,272,464,422,507,113,224,180,307,342,177,181,274,196,458,338,246,291,183,28,308,1
1641750,Ryan Kalkbrenner,Ryan,1610612766,CHA,24.0,60,34,26,0.567,21.8,3.3,4.5,0.749,0.0,0.1,0.0,1.2,1.8,0.689,2.5,3.2,5.7,0.8,1.0,0.5,1.5,0.4,1.6,1.4,7.9,0.3,20.7,3,0,18.2,154,126,201,209,240,223,353,7,497,512,497,231,213,412,37,177,91,436,275,356,19,211,321,248,267,226,219,117,28,246,1
1642948,Ryan Nembhard,Ryan,1610612742,DAL,23.0,52,18,34,0.346,18.6,2.6,6.2,0.421,0.8,2.2,0.381,0.3,0.4,0.8,0.2,1.7,1.9,4.9,1.4,0.4,0.0,0.2,1.3,0.6,6.3,-0.9,15.8,3,0,14.8,238,298,85,411,300,295,274,399,296,313,146,466,478,222,516,366,413,52,177,429,509,405,375,411,328,325,302,117,28,313,1
1631157,Ryan Rollins,Ryan,1610612749,MIL,23.0,70,27,43,0.386,32.1,6.5,13.8,0.471,2.5,6.1,0.413,1.6,2.1,0.779,0.7,3.9,4.6,5.6,2.7,1.5,0.4,1.0,2.7,2.1,17.1,-2.6,34.1,6,0,33.7,31,202,30,394,49,63,61,230,44,62,65,175,177,268,281,120,155,34,35,25,194,25,54,148,75,432,59,78,28,59,1
1630180,Saddiq Bey,Saddiq,1610612740,NOP,26.0,67,24,43,0.358,31.1,6.0,13.3,0.45,2.0,5.7,0.36,3.4,4.1,0.842,1.7,3.9,5.6,2.6,0.9,1.0,0.1,0.7,1.3,2.4,17.4,-2.2,30.2,7,0,29.7,70,226,30,406,67,78,71,307,71,75,217,54,62,132,82,115,93,173,282,138,472,77,382,120,68,412,100,67,28,94,1
1630573,Sam Hauser,Sam,1610612738,BOS,28.0,70,48,22,0.686,24.6,3.1,7.7,0.405,2.5,6.6,0.381,0.2,0.2,0.929,0.8,3.1,3.9,1.4,0.5,0.5,0.3,0.1,1.5,0.4,8.9,3.9,17.8,0,0,18.4,31,12,262,80,188,242,204,446,44,45,143,500,515,39,272,186,204,306,443,350,266,485,342,475,233,61,264,252,28,241,1
1630241,Sam Merrill,Sam,1610612739,CLE,29.0,48,33,15,0.688,26.4,4.4,9.3,0.47,3.1,7.2,0.435,1.1,1.3,0.859,0.6,2.0,2.6,2.3,0.8,0.6,0.1,0.2,2.5,1.8,13.0,4.6,20.9,1,0,22.5,271,138,360,79,156,161,154,237,13,24,43,246,277,108,347,313,332,199,320,328,404,426,87,188,138,46,212,183,28,173,1
1630572,Sandro Mamukelashvili,Sandro,1610612761,TOR,26.0,70,38,32,0.543,21.8,4.0,7.8,0.519,1.4,3.6,0.373,1.5,2.0,0.745,1.4,3.5,4.8,1.9,0.8,0.8,0.5,0.4,1.9,1.4,10.9,1.2,22.6,3,0,21.6,31,84,105,248,241,182,201,113,174,186,173,196,193,340,118,143,148,246,331,206,132,212,228,252,184,166,183,117,28,186,1
1630583,Santi Aldama,Santi,1610612763,MEM,25.0,43,19,24,0.442,27.9,5.3,11.1,0.479,1.6,4.7,0.35,1.8,2.7,0.667,1.6,5.1,6.7,2.9,1.3,0.9,0.7,0.3,1.6,2.2,14.0,-1.1,29.9,5,0,28.4,315,290,228,362,126,109,116,202,130,123,248,154,129,427,95,50,61,139,197,176,91,347,306,142,114,337,106,91,28,110,1
1630703,Scoot Henderson,Scoot,1610612757,POR,22.0,22,13,9,0.591,23.6,4.6,11.0,0.417,1.8,5.3,0.342,2.9,3.5,0.821,0.6,2.2,2.8,3.9,2.6,0.7,0.3,0.4,2.9,3.0,13.9,2.5,23.5,0,0,24.4,424,370,428,182,199,146,117,408,103,90,261,77,81,177,339,287,304,79,41,260,263,228,31,75,116,104,167,252,28,144,1
1630567,Scottie Barnes,Scottie,1610612761,TOR,24.0,70,39,31,0.557,33.9,7.2,14.4,0.502,0.9,3.0,0.298,3.1,3.7,0.832,2.0,5.8,7.8,5.5,2.6,1.4,1.5,0.7,2.8,3.4,18.5,3.2,42.2,26,2,38.5,31,65,114,220,24,41,52,145,285,246,398,71,73,154,57,31,37,36,38,42,16,101,42,66,60,81,20,13,13,32,1
1630590,Scotty Pippen Jr.,Scotty,1610612763,MEM,25.0,10,2,8,0.2,21.2,4.3,9.6,0.448,1.0,3.2,0.313,1.8,2.3,0.783,0.8,1.4,2.2,4.7,2.7,1.9,0.4,0.6,3.1,2.9,11.4,-5.0,25.3,0,0,23.9,479,504,440,516,248,164,145,314,248,221,362,151,159,257,262,410,379,59,34,9,204,122,26,83,171,524,145,252,28,152,1
1642951,Sean Pedulla,Sean,1610612746,LAC,23.0,4,3,1,0.75,5.8,1.3,3.3,0.385,0.8,2.3,0.333,0.0,0.0,0.0,0.0,0.5,0.5,1.0,0.0,0.0,0.0,0.0,0.8,0.0,3.3,-3.5,5.4,0,0,5.5,530,484,539,47,524,449,424,481,310,306,285,537,539,537,542,534,544,375,543,541,510,516,489,548,452,475,505,252,28,493,1
203552,Seth Curry,Seth,1610612744,GSW,35.0,4,0,4,0.0,12.8,2.5,4.3,0.588,1.0,1.8,0.571,0.8,0.8,1.0,0.8,0.8,1.5,1.8,0.0,0.5,0.0,0.0,0.8,1.5,6.8,1.0,12.7,0,0,12.0,530,551,490,551,408,305,370,58,248,359,11,341,395,1,276,503,464,258,543,356,510,516,489,227,310,171,362,252,28,362,1
1631101,Shaedon Sharpe,Shaedon,1610612757,POR,22.0,48,22,26,0.458,30.0,8.0,17.6,0.456,2.1,6.2,0.34,3.2,4.0,0.784,1.0,3.4,4.4,2.6,3.0,1.4,0.1,1.1,2.0,3.4,21.4,-1.2,32.2,0,0,33.6,271,248,201,348,90,24,18,277,65,56,265,70,66,254,179,150,164,169,19,38,428,14,209,67,30,345,81,252,28,61,1
1628983,Shai Gilgeous-Alexander,Shai,1610612760,OKC,27.0,61,49,12,0.803,33.4,10.9,19.6,0.557,1.7,4.4,0.393,8.0,9.0,0.887,0.5,3.9,4.4,6.6,2.2,1.4,0.8,0.8,2.1,6.1,31.5,10.7,51.2,7,0,48.7,140,8,404,23,32,1,8,77,121,140,107,1,4,71,364,121,166,22,69,33,77,59,174,7,2,4,4,67,28,4,1
1630536,Sharife Cooper,Sharife,1610612764,WAS,24.0,31,6,25,0.194,16.4,2.8,5.7,0.489,0.6,1.8,0.339,1.0,1.3,0.8,0.5,1.8,2.3,2.6,1.4,0.4,0.1,0.6,1.6,1.4,7.2,-4.6,13.9,0,0,13.6,384,445,216,524,346,283,294,183,344,354,266,263,285,222,393,355,374,170,173,436,424,116,302,241,289,516,339,252,28,334,1
1631321,Sidy Cissoko,Sidy,1610612757,POR,21.0,67,34,33,0.507,20.5,2.0,4.8,0.406,0.9,2.9,0.309,0.8,1.3,0.655,0.9,1.5,2.3,1.6,1.0,0.7,0.4,0.4,2.6,1.8,5.6,-0.6,13.1,0,0,12.6,70,126,96,291,262,365,338,443,286,260,371,321,295,442,240,396,366,287,254,226,225,231,66,183,353,298,356,252,28,354,1
1631323,Simone Fontecchio,Simone,1610612748,MIA,30.0,65,33,32,0.508,17.1,2.8,6.9,0.406,1.7,4.8,0.365,1.2,1.5,0.844,0.8,2.3,3.1,1.4,0.7,0.5,0.1,0.3,1.5,0.9,8.6,1.5,15.7,0,0,16.2,87,138,105,289,330,280,241,442,117,114,198,226,255,130,252,284,282,305,355,347,411,314,338,354,243,149,307,252,28,276,1
1642883,Sion James,Sion,1610612766,CHA,23.0,73,39,34,0.534,22.8,1.6,4.3,0.379,1.0,2.7,0.371,1.1,1.3,0.839,0.6,2.8,3.4,1.9,0.8,0.6,0.3,0.3,1.8,1.2,5.4,0.1,14.1,0,0,13.5,7,65,85,259,214,397,362,489,248,268,178,257,290,138,341,216,249,237,319,305,291,278,245,274,364,239,335,252,28,337,1
1627746,Skal Labissiere,Skal,1610612764,WAS,30.0,3,2,1,0.667,12.5,2.0,3.3,0.6,0.3,1.7,0.2,0.0,0.0,0.0,1.0,2.0,3.0,1.0,0.3,0.7,0.3,0.0,1.0,0.0,4.3,0.7,12.1,0,0,10.7,544,504,539,92,413,355,416,47,418,373,468,537,539,537,179,320,289,375,486,265,242,516,446,548,404,193,370,252,28,390,1
1642461,Spencer Jones,Spencer,1610612743,DEN,24.0,62,39,23,0.629,22.5,2.1,4.2,0.506,0.9,2.3,0.399,0.5,0.8,0.608,1.2,2.1,3.3,0.8,0.5,0.8,0.5,0.3,2.8,0.8,5.7,0.2,14.1,1,0,13.2,131,65,243,130,221,351,372,137,276,302,98,411,380,473,152,302,266,426,441,199,173,343,45,375,351,233,337,183,28,343,1
1630649,Stanley Umude,Stanley,1610612759,SAS,26.0,2,2,0,1.0,3.3,0.5,1.0,0.5,0.0,0.5,0.0,0.0,0.0,0.0,0.0,0.0,0.0,0.5,0.0,0.5,0.0,0.0,1.0,0.0,1.0,-8.5,3.3,0,0,2.5,552,504,563,1,564,535,548,150,497,477,497,537,539,537,542,559,563,490,543,356,510,516,446,548,549,563,543,252,28,554,1
201939,Stephen Curry,Stephen,1610612744,GSW,38.0,39,23,16,0.59,31.3,8.9,19.1,0.468,4.5,11.5,0.391,4.9,5.2,0.931,0.4,3.1,3.5,4.8,2.8,1.1,0.4,0.6,1.9,4.8,27.2,1.6,40.5,3,0,43.2,339,236,346,185,60,14,10,241,1,1,113,30,41,38,417,183,237,55,26,85,197,115,232,23,10,139,26,117,28,14,1
1642264,Stephon Castle,Stephon,1610612759,SAS,21.0,61,46,15,0.754,29.6,5.6,11.9,0.467,1.1,3.5,0.315,4.2,5.8,0.735,1.3,3.7,5.0,7.1,3.2,1.2,0.3,1.0,3.3,4.4,16.5,6.0,34.6,13,3,32.8,140,21,360,43,101,99,93,245,226,194,357,40,32,351,121,131,128,12,17,70,272,19,18,31,83,27,56,37,7,66,1
203500,Steven Adams,Steven,1610612745,HOU,32.0,32,21,11,0.656,22.8,2.2,4.3,0.504,0.0,0.0,0.0,1.5,2.5,0.58,4.5,4.1,8.6,1.5,1.1,0.7,0.6,0.3,1.7,2.2,5.8,6.1,21.3,3,0,18.6,381,266,416,105,215,344,361,142,497,528,497,194,135,487,3,105,25,292,238,256,110,324,274,139,340,26,208,117,28,239,1
1629004,Svi Mykhailiuk,Svi,1610612762,UTA,28.0,48,14,34,0.292,23.4,3.4,7.1,0.478,1.9,4.6,0.403,0.5,0.6,0.893,0.7,1.8,2.5,1.9,0.8,0.5,0.1,0.3,1.3,0.6,9.1,-1.8,15.8,0,0,16.5,271,356,85,445,204,222,233,207,100,127,86,404,436,58,300,364,355,240,332,356,484,332,378,419,227,386,301,252,28,273,1
204456,T.J. McConnell,T.J.,1610612754,IND,34.0,55,14,41,0.255,17.2,4.3,8.0,0.534,0.3,0.9,0.298,0.4,0.5,0.857,0.4,1.8,2.2,5.1,1.1,1.0,0.2,0.4,1.1,1.1,9.3,-2.7,21.9,1,0,19.2,214,356,41,476,329,165,195,96,438,453,399,431,450,114,420,351,377,50,227,115,390,219,421,310,222,442,197,183,28,225,1
1643007,Taelon Peter,Taelon,1610612754,IND,24.0,31,4,27,0.129,11.2,1.4,3.6,0.375,1.0,3.1,0.32,0.2,0.4,0.538,0.2,1.2,1.4,1.0,0.6,0.5,0.1,0.1,0.7,0.3,3.9,-2.5,8.5,0,0,8.7,384,471,183,542,433,436,401,493,248,232,342,489,468,501,510,444,477,372,372,337,424,480,495,500,425,431,448,252,28,433,1
201959,Taj Gibson,Taj,1610612763,MEM,40.0,7,1,6,0.143,9.3,1.4,2.6,0.556,0.4,0.7,0.6,0.7,0.9,0.833,0.9,1.3,2.1,0.6,0.1,0.3,0.1,0.4,1.4,0.9,4.0,-0.7,8.6,0,0,8.0,492,525,465,534,469,420,465,80,397,464,8,355,374,148,238,423,387,475,534,465,406,212,350,358,418,309,444,252,28,448,1
1631106,Tari Eason,Tari,1610612745,HOU,24.0,51,30,21,0.588,26.0,4.0,9.7,0.409,1.6,4.3,0.364,0.8,1.1,0.732,2.1,4.3,6.3,1.5,1.5,1.2,0.5,0.8,2.3,1.0,10.3,1.7,23.9,6,0,23.2,246,169,273,188,165,188,144,433,137,143,200,328,322,353,53,99,68,289,159,64,148,52,108,311,193,135,161,78,28,161,1
1627752,Taurean Prince,Taurean,1610612749,MIL,32.0,17,7,10,0.412,20.3,2.3,5.5,0.419,1.6,3.9,0.403,0.3,0.3,1.0,0.2,2.1,2.3,0.9,0.6,0.6,0.1,0.1,2.1,0.4,6.5,-1.2,12.2,0,0,12.7,449,432,421,375,267,332,304,402,134,174,84,468,499,1,515,301,371,396,392,306,434,468,160,471,320,342,368,252,28,352,1
1641707,Taylor Hendricks,Taylor,1610612763,MEM,22.0,55,12,43,0.218,18.9,2.7,6.0,0.451,1.0,3.1,0.331,0.8,1.2,0.662,1.1,2.6,3.7,1.0,0.9,0.8,0.5,0.4,1.6,1.0,7.2,-4.8,16.3,2,0,15.6,214,380,30,504,297,288,280,297,247,238,309,322,299,441,158,235,216,392,300,201,138,233,307,317,288,520,287,146,28,291,2
1629611,Terance Mann,Terance,1610612751,BKN,29.0,60,14,46,0.233,24.4,2.7,5.9,0.452,0.9,2.4,0.349,1.0,1.3,0.782,1.1,2.1,3.2,3.1,1.1,0.6,0.2,0.4,2.5,1.3,7.2,-4.0,17.2,0,0,16.1,154,356,20,497,191,289,283,292,291,295,249,267,283,260,155,308,273,129,235,285,325,263,93,269,287,502,274,252,28,280,1
1630545,Terrence Shannon Jr.,Terrence,1610612750,MIN,25.0,34,20,14,0.588,11.1,1.3,3.1,0.402,0.6,1.5,0.4,0.9,1.1,0.784,0.2,0.8,1.0,0.6,0.5,0.3,0.0,0.3,1.1,0.9,4.0,-2.6,6.6,0,0,6.9,375,280,379,188,437,447,431,452,351,400,93,312,325,252,489,502,505,466,422,456,506,337,417,348,422,438,478,252,28,470,1
203648,Thanasis Antetokounmpo,Thanasis,1610612749,MIL,33.0,30,8,22,0.267,3.7,0.4,0.8,0.478,0.0,0.1,0.0,0.5,0.8,0.625,0.3,0.6,0.9,0.3,0.3,0.3,0.2,0.1,0.4,0.5,1.2,0.2,4.0,0,0,3.4,389,420,262,467,559,548,557,206,497,515,497,411,385,463,446,530,518,534,508,443,380,496,540,435,544,230,532,252,28,542,1
1628418,Thomas Bryant,Thomas,1610612739,CLE,28.0,56,34,22,0.607,11.6,2.2,4.4,0.496,0.7,2.1,0.342,0.9,1.1,0.813,0.9,2.3,3.2,0.6,0.4,0.3,0.4,0.2,1.2,1.1,6.0,0.7,12.4,0,0,12.0,203,126,262,158,429,345,356,164,314,317,263,299,313,194,202,283,274,482,452,460,181,401,393,296,335,192,366,252,28,363,1
1642275,Tidjane Salaün,Tidjane,1610612766,CHA,20.0,36,18,18,0.5,15.9,2.2,4.4,0.506,1.0,2.3,0.434,0.7,1.1,0.65,0.7,3.4,4.1,0.8,0.7,0.4,0.2,0.3,1.5,1.0,6.2,0.1,13.5,1,0,13.3,358,298,319,293,353,339,357,133,248,303,44,352,320,443,293,150,182,440,360,392,352,350,328,330,331,241,350,183,28,338,1
203501,Tim Hardaway Jr.,Tim,1610612743,DEN,34.0,73,45,28,0.616,26.9,4.4,9.9,0.45,2.8,6.9,0.408,2.0,2.5,0.808,0.2,2.4,2.6,1.4,0.6,0.5,0.1,0.2,1.2,1.9,13.7,2.3,20.2,0,0,21.7,7,30,162,147,149,156,142,306,23,34,73,134,141,211,501,261,331,319,396,374,429,369,389,177,120,109,226,252,28,184,1
202699,Tobias Harris,Tobias,1610612765,DET,33.0,56,39,17,0.696,28.2,4.9,10.7,0.458,1.3,3.7,0.346,2.2,2.5,0.878,0.9,4.4,5.3,2.5,1.0,0.9,0.4,0.6,1.8,1.7,13.3,5.0,26.1,3,0,24.8,203,65,337,75,121,129,122,272,193,185,253,117,142,83,221,87,112,181,254,165,212,134,261,192,131,42,136,117,28,138,1
1642449,Tolu Smith,Tolu,1610612765,DET,25.0,10,8,2,0.8,9.7,1.3,2.5,0.52,0.0,0.0,0.0,1.3,1.8,0.722,1.5,2.1,3.6,0.8,0.6,0.2,0.5,0.4,1.5,1.4,3.9,-0.4,10.9,0,0,9.7,479,420,523,24,466,444,469,109,497,528,497,218,210,370,99,305,229,427,385,496,150,233,328,244,430,279,398,252,28,410,1
1628396,Tony Bradley,Tony,1610612754,IND,28.0,38,9,29,0.237,11.0,1.6,2.8,0.557,0.0,0.1,0.5,0.8,1.1,0.744,1.5,1.3,2.8,0.5,0.4,0.2,0.2,0.3,1.6,0.9,4.0,-2.8,8.7,0,0,8.0,346,414,146,493,440,408,454,78,487,519,15,315,318,341,106,420,306,487,451,516,364,279,313,338,421,446,441,252,28,447,1
1641787,Tosan Evbuomwan,Tosan,1610612766,CHA,25.0,5,4,1,0.8,1.5,0.0,0.2,0.0,0.0,0.0,0.0,0.0,0.0,0.0,0.2,0.2,0.4,0.0,0.0,0.0,0.0,0.0,0.2,0.0,0.0,-1.6,0.5,0,0,0.4,516,471,539,24,571,562,570,562,497,528,497,537,539,537,503,551,551,558,543,541,510,516,561,548,567,369,572,252,28,572,1
1641739,Toumani Camara,Toumani,1610612757,POR,25.0,74,37,37,0.5,33.1,4.6,10.6,0.436,2.5,7.0,0.362,1.2,1.8,0.7,1.6,3.6,5.2,2.5,1.9,1.1,0.4,0.5,2.9,2.7,13.0,-0.4,25.6,3,0,26.2,1,91,69,293,39,144,128,347,39,28,210,229,214,396,94,138,118,181,99,97,192,147,33,96,139,280,142,117,28,124,1
1629027,Trae Young,Trae,1610612764,WAS,27.0,15,2,13,0.133,25.6,5.4,11.8,0.458,1.8,5.3,0.338,5.3,6.5,0.825,0.3,1.7,2.0,8.0,2.6,0.9,0.1,0.1,2.2,5.5,17.9,-4.4,32.7,3,0,31.7,457,504,390,539,174,106,97,271,106,86,273,21,18,171,477,365,395,8,40,174,415,459,142,11,63,510,76,117,28,73,2
1631218,Trayce Jackson-Davis,Trayce,1610612761,TOR,26.0,48,25,23,0.521,9.8,1.4,2.4,0.564,0.0,0.0,1.0,0.8,1.5,0.514,1.3,1.6,2.9,0.8,0.5,0.3,0.5,0.4,0.9,1.0,3.5,-1.8,10.0,1,0,8.8,271,216,243,275,465,432,477,75,490,524,1,341,258,506,129,381,300,434,448,443,169,221,472,315,442,379,415,183,28,430,2
1642848,Tre Johnson,Tre,1610612764,WAS,20.0,56,12,44,0.214,24.1,4.5,10.7,0.422,2.0,5.4,0.367,1.4,1.6,0.874,0.5,2.3,2.8,2.0,1.5,0.6,0.3,0.2,2.0,1.3,12.4,-5.1,19.8,0,0,20.9,203,380,27,508,195,148,124,395,87,85,189,210,239,91,370,279,310,228,143,335,258,437,213,271,151,528,231,252,28,200,1
1630200,Tre Jones,Tre,1610612741,CHI,26.0,55,25,30,0.455,27.0,4.8,8.9,0.542,0.6,1.9,0.308,2.8,3.3,0.831,0.6,2.4,3.0,5.4,1.4,1.2,0.2,0.7,1.4,2.7,13.0,-1.9,27.6,5,0,24.8,214,216,130,350,146,131,167,86,355,343,373,83,93,159,343,265,295,40,178,62,366,86,355,94,141,392,123,91,28,139,1
1630544,Tre Mann,Tre,1610612766,CHA,25.0,47,26,21,0.553,13.7,2.2,6.1,0.356,1.1,3.2,0.331,0.5,0.6,0.852,0.4,1.5,1.9,1.8,1.1,0.5,0.1,0.1,1.4,0.5,5.9,-3.2,11.6,0,0,11.9,288,207,273,230,390,343,277,511,241,218,311,418,439,121,409,399,414,254,229,354,442,445,351,453,336,463,380,252,28,365,1
1630570,Trendon Watford,Trendon,1610612755,PHI,25.0,50,25,25,0.5,17.0,2.7,5.3,0.509,0.2,1.0,0.2,1.2,1.5,0.773,0.8,2.7,3.4,2.6,1.2,0.3,0.4,0.5,2.1,1.6,6.8,-2.7,15.7,1,1,14.5,254,216,216,293,333,287,313,129,448,434,468,240,251,281,271,232,245,174,210,457,189,148,165,215,308,444,306,183,21,317,1
1642280,Trentyn Flowers,Trentyn,1610612741,CHI,21.0,2,0,2,0.0,2.8,1.0,1.5,0.667,0.0,0.5,0.0,0.0,0.0,0.0,0.5,0.0,0.5,0.5,0.5,0.0,0.0,0.0,0.5,0.0,2.0,-1.0,2.9,0,0,3.0,552,551,523,551,568,477,529,16,497,477,497,537,539,537,370,559,544,490,431,541,510,516,530,548,508,331,554,252,28,547,1
1631211,Trevor Keels,Trevor,1610612748,MIA,22.0,4,4,0,1.0,1.2,0.0,1.0,0.0,0.0,0.8,0.0,0.0,0.0,0.0,0.0,0.5,0.5,0.0,0.0,0.0,0.0,0.0,0.0,0.0,0.0,-3.3,0.6,0,0,0.5,530,471,563,1,572,562,548,562,497,458,497,537,539,537,542,534,544,558,543,541,510,516,568,548,567,467,571,252,28,571,1
1641725,Trey Alexander,Trey,1610612740,NOP,22.0,5,1,4,0.2,8.3,1.2,1.8,0.667,0.4,0.6,0.667,0.0,0.0,0.0,0.0,0.8,0.8,1.0,0.2,0.2,0.2,0.0,0.8,0.2,2.8,0.0,6.3,0,0,5.8,516,525,490,516,483,457,517,16,403,472,6,537,539,537,542,496,530,375,522,496,340,516,480,524,477,246,485,252,28,487,1
1641998,Trey Jemison III,Trey,1610612752,NYK,26.0,11,9,2,0.818,5.5,0.4,0.6,0.571,0.0,0.0,0.0,0.1,0.1,1.0,0.7,0.7,1.5,0.3,0.5,0.1,0.2,0.0,0.8,0.3,0.8,-1.4,3.2,0,0,3.1,469,414,523,20,529,549,562,66,497,528,497,527,533,1,290,509,471,539,413,536,366,516,479,504,558,356,544,252,28,545,1
1630530,Trey Murphy III,Trey,1610612740,NOP,25.0,64,21,43,0.328,35.5,7.5,16.0,0.471,3.3,8.7,0.383,3.3,3.8,0.883,1.0,4.7,5.7,3.8,1.8,1.5,0.3,0.4,2.1,3.0,21.7,-2.3,38.1,4,0,38.3,98,266,30,431,6,32,35,232,8,9,138,59,72,75,190,70,87,83,103,23,237,255,171,78,28,418,42,102,28,35,1
1642400,Tristan Enaruna,Tristan,1610612739,CLE,24.0,6,6,0,1.0,5.7,1.0,2.7,0.375,0.2,0.8,0.2,0.0,0.2,0.0,0.8,0.7,1.5,0.5,0.3,0.2,0.0,0.3,0.2,0.3,2.2,1.3,4.9,0,0,4.7,499,445,563,1,527,477,459,493,456,454,468,537,521,537,245,515,464,490,486,508,510,280,566,491,502,157,516,252,28,514,1
1641774,Tristan Vukcevic,Tristan,1610612764,WAS,23.0,46,8,38,0.174,13.6,3.0,6.4,0.478,1.0,2.9,0.333,1.7,2.2,0.768,0.7,2.4,3.0,1.1,1.3,0.4,0.7,0.3,1.6,1.6,8.7,-4.3,15.9,1,0,15.9,297,420,58,527,394,252,263,208,271,257,285,168,172,288,308,268,284,359,192,428,99,303,314,203,238,505,297,183,28,284,1
1641783,Tristan da Silva,Tristan,1610612753,ORL,24.0,68,37,31,0.544,24.7,3.7,8.1,0.452,1.7,4.3,0.388,1.0,1.1,0.892,0.7,3.0,3.7,1.5,0.8,0.9,0.3,0.3,1.5,0.9,10.0,1.4,19.6,0,0,19.4,60,91,114,244,184,204,191,295,127,147,119,288,325,62,294,195,218,290,317,150,241,298,328,336,205,153,233,252,28,221,1
1629660,Ty Jerome,Ty,1610612763,MEM,28.0,15,3,12,0.2,22.6,6.8,14.3,0.474,2.8,6.7,0.42,3.3,3.7,0.875,0.7,2.1,2.8,5.7,1.8,1.1,0.3,0.5,2.1,2.7,19.7,-3.0,33.7,0,0,33.6,457,484,404,516,220,55,53,220,24,42,56,62,75,86,287,308,309,33,104,103,296,153,182,98,48,452,66,252,28,60,1
1631102,TyTy Washington Jr.,TyTy,1610612746,LAC,24.0,10,6,4,0.6,6.6,0.9,1.8,0.5,0.3,0.8,0.375,0.0,0.0,0.0,0.1,0.2,0.3,1.4,0.3,0.4,0.2,0.1,0.4,0.0,2.1,-4.2,6.1,0,0,5.3,479,445,490,167,510,496,517,150,426,455,163,537,539,537,535,551,557,313,498,409,340,476,542,548,506,504,489,252,28,499,1
1631174,Tyler Burton,Tyler,1610612763,MEM,26.0,9,1,8,0.111,25.5,2.8,8.6,0.325,1.6,5.3,0.292,2.2,2.4,0.909,0.9,3.3,4.2,0.9,1.0,1.0,0.3,0.4,2.8,1.8,9.3,-10.1,18.7,0,0,18.7,486,525,440,545,176,281,178,533,140,86,406,113,149,46,225,156,176,406,254,117,242,208,44,185,220,567,244,252,28,235,1
1629639,Tyler Herro,Tyler,1610612748,MIA,26.0,27,12,15,0.444,30.9,7.6,15.7,0.482,2.5,6.4,0.385,3.2,3.4,0.935,0.5,4.3,4.8,3.9,2.0,0.8,0.3,0.6,1.7,2.6,20.9,-1.1,33.8,0,0,34.2,401,380,360,359,74,30,39,197,46,49,132,66,87,37,385,94,150,81,87,213,242,112,279,110,35,336,65,252,28,50,1
1642278,Tyler Kolek,Tyler,1610612752,NYK,25.0,59,37,22,0.627,11.8,1.7,4.0,0.432,0.7,1.8,0.376,0.2,0.3,0.667,0.3,1.3,1.6,2.7,0.9,0.4,0.1,0.3,1.1,0.5,4.4,1.5,10.7,2,0,10.2,171,91,262,134,427,388,382,363,322,350,158,492,496,427,482,421,453,157,295,435,482,349,437,434,403,142,401,146,28,396,1
1641890,Tyler Smith,Tyler,1610612742,DAL,21.0,4,0,4,0.0,6.2,1.0,2.8,0.364,0.5,2.3,0.222,0.3,0.5,0.5,0.0,0.8,0.8,0.0,0.5,0.3,0.0,0.0,0.3,0.3,2.8,-2.0,3.9,0,0,4.5,530,551,490,551,518,477,456,505,378,306,457,479,451,507,542,503,534,558,431,476,510,516,554,508,479,400,534,252,28,516,1
1631213,Tyrese Martin,Tyrese,1610612755,PHI,27.0,45,11,34,0.244,17.2,2.4,6.2,0.394,1.2,3.7,0.321,0.4,0.6,0.679,0.8,1.8,2.6,1.7,0.9,0.6,0.1,0.2,0.7,0.5,6.4,-4.0,13.3,0,0,13.3,303,395,85,491,328,311,276,467,210,184,335,435,425,422,274,350,337,261,296,332,415,420,496,433,321,497,354,252,28,339,2
1630178,Tyrese Maxey,Tyrese,1610612755,PHI,25.0,61,33,28,0.541,38.3,10.1,21.9,0.461,3.3,8.9,0.373,5.5,6.1,0.893,0.3,3.8,4.1,6.7,2.4,2.0,0.8,1.0,2.2,4.2,29.0,1.4,50.0,7,0,48.8,140,138,162,252,1,5,2,262,9,8,172,19,27,60,465,126,185,20,50,3,70,24,152,38,4,154,5,67,28,3,1
1642878,Tyrese Proctor,Tyrese,1610612739,CLE,21.0,44,29,15,0.659,10.2,1.6,4.1,0.394,0.8,2.5,0.333,0.7,0.8,0.879,0.2,0.9,1.0,1.3,0.6,0.4,0.0,0.2,1.2,0.6,4.7,-0.8,8.5,0,0,8.7,312,180,360,104,457,400,377,466,298,293,285,373,395,81,524,487,503,341,376,400,510,388,413,417,388,316,451,252,28,436,1
1630623,Tyson Etienne,Tyson,1610612751,BKN,26.0,17,2,15,0.118,11.1,1.8,4.3,0.411,1.5,3.5,0.433,0.8,0.9,0.875,0.1,0.6,0.7,1.1,0.5,0.2,0.0,0.1,1.6,0.6,5.9,-0.9,8.5,0,0,9.6,449,504,360,544,438,384,366,425,147,195,45,320,355,86,533,528,538,369,422,485,510,468,311,407,339,324,449,252,28,413,1
1626145,Tyus Jones,Tyus,1610612743,DEN,29.0,63,33,30,0.524,14.8,1.1,3.3,0.346,0.6,2.1,0.277,0.1,0.1,0.778,0.2,0.9,1.1,2.4,0.3,0.6,0.0,0.1,0.5,0.2,2.9,-2.0,9.3,0,0,8.2,110,138,130,270,370,466,423,517,358,326,421,522,528,272,525,482,499,195,484,317,492,463,539,515,470,404,428,252,28,444,3
1642845,VJ Edgecombe,VJ,1610612755,PHI,20.0,66,38,28,0.576,34.9,6.0,13.8,0.434,2.0,5.7,0.356,2.1,2.5,0.825,1.6,4.1,5.7,4.0,1.8,1.4,0.5,0.8,2.9,2.0,16.1,0.6,33.1,6,0,31.8,80,84,162,199,13,75,60,352,70,73,227,128,137,169,88,106,88,70,101,36,130,66,31,161,87,204,73,78,28,72,1
1641705,Victor Wembanyama,Victor,1610612759,SAS,22.0,58,45,13,0.776,29.2,8.3,16.5,0.505,1.9,5.5,0.351,5.6,6.8,0.818,2.0,9.2,11.2,3.0,2.5,1.1,3.1,0.5,2.6,6.1,24.2,10.6,52.1,37,1,48.7,179,30,390,33,104,22,27,141,93,80,245,17,16,181,65,2,6,135,45,107,1,171,71,8,19,5,3,5,21,5,1
1631246,Vince Williams Jr.,Vince,1610612762,UTA,25.0,40,16,24,0.4,20.5,2.6,7.3,0.353,1.4,4.4,0.311,1.0,1.3,0.78,1.0,2.9,3.9,4.2,1.8,0.7,0.4,0.3,2.0,1.3,7.5,0.2,20.0,1,0,19.2,331,327,228,380,261,297,225,513,170,136,366,287,296,266,195,209,202,67,114,237,204,328,196,257,277,236,229,183,28,226,2
1642884,Vladislav Goldin,Vladislav,1610612748,MIA,24.0,5,3,2,0.6,2.8,0.4,0.6,0.667,0.0,0.0,0.0,0.0,0.0,0.0,0.2,0.6,0.8,0.4,0.2,0.0,0.2,0.0,0.6,0.0,0.8,-2.6,2.8,0,0,2.4,516,484,523,167,567,547,564,16,497,528,497,537,539,537,503,527,530,517,522,541,340,516,518,548,559,436,557,252,28,558,1
1630249,Vít Krejčí,Vít,1610612757,POR,25.0,64,31,33,0.484,21.7,3.0,6.7,0.448,2.0,5.1,0.391,0.6,0.8,0.745,0.5,1.8,2.3,1.6,0.6,0.7,0.3,0.1,2.1,0.9,8.6,-0.6,16.1,0,0,16.5,98,162,96,330,243,260,247,311,80,101,109,392,386,339,381,349,367,286,374,233,288,453,156,356,242,299,292,252,28,272,2
1631117,Walker Kessler,Walker,1610612762,UTA,24.0,5,2,3,0.4,30.8,5.2,7.4,0.703,1.2,1.6,0.75,2.8,4.0,0.7,4.6,6.2,10.8,3.0,3.2,1.4,1.8,1.0,4.4,2.4,14.4,2.8,38.3,2,0,35.8,516,504,516,380,75,114,219,11,207,379,5,80,68,396,1,25,9,132,15,39,6,25,1,123,107,89,40,146,28,41,1
1642383,Walter Clayton Jr.,Walter,1610612763,MEM,23.0,63,16,47,0.254,19.9,2.4,6.5,0.373,1.0,3.4,0.29,1.6,1.7,0.891,0.3,1.7,2.0,3.9,1.6,0.7,0.3,0.6,1.7,1.6,7.4,-3.5,16.8,0,0,16.1,110,327,17,479,272,312,259,500,248,202,407,183,218,65,469,367,395,80,139,277,286,130,264,209,280,476,281,252,28,278,2
1628976,Wendell Carter Jr.,Wendell,1610612753,ORL,26.0,69,37,32,0.536,29.7,4.2,8.3,0.51,1.0,3.1,0.321,2.4,3.0,0.792,2.1,5.4,7.5,2.1,1.2,0.8,0.6,0.5,3.4,2.8,11.9,1.2,27.1,11,0,25.3,46,91,105,257,98,167,185,128,261,239,337,106,105,239,51,38,41,221,215,196,107,168,13,86,162,168,129,47,28,132,1
1631111,Wendell Moore Jr.,Wendell,1610612765,DET,24.0,5,4,1,0.8,10.9,0.8,1.4,0.571,0.0,0.2,0.0,0.4,0.4,1.0,0.2,1.0,1.2,0.6,0.2,0.4,0.4,0.2,0.2,0.6,2.0,8.6,6.5,0,0,5.4,516,471,539,24,442,507,534,66,497,502,497,437,472,1,503,461,488,469,522,409,204,389,561,420,508,9,480,252,28,496,1
1642954,Will Richard,Will,1610612744,GSW,23.0,63,33,30,0.524,20.3,2.5,5.3,0.477,1.1,3.2,0.345,0.7,0.9,0.852,1.0,1.6,2.5,1.4,0.8,1.2,0.1,0.2,2.0,0.9,6.8,-0.6,15.2,0,0,14.6,110,138,130,270,266,304,320,210,229,224,255,347,374,121,191,382,343,321,314,61,426,409,206,337,300,296,318,252,28,315,1
1642860,Will Riley,Will,1610612764,WAS,20.0,64,16,48,0.25,20.4,3.2,7.3,0.434,1.0,3.0,0.332,1.7,2.2,0.782,0.8,1.9,2.7,1.8,1.2,0.6,0.1,0.3,1.0,1.6,9.1,-5.7,15.8,2,0,15.9,98,327,10,480,264,236,223,353,262,248,308,160,166,263,253,344,323,256,226,304,457,277,438,214,228,539,299,146,28,286,1
1630214,Xavier Tillman,Xavier,1610612766,CHA,27.0,25,18,7,0.72,6.2,0.6,1.6,0.4,0.1,0.7,0.176,0.0,0.2,0.25,0.7,0.8,1.5,0.4,0.3,0.3,0.1,0.1,0.5,0.2,1.4,-1.9,5.0,0,0,4.4,410,298,457,61,516,528,526,456,470,465,479,534,524,534,295,496,462,512,504,457,431,467,529,514,537,394,515,252,28,521,2
1642905,Yang Hansen,ang Hansen,1610612757,POR,20.0,40,21,19,0.525,7.1,0.8,2.4,0.316,0.1,1.0,0.125,0.6,0.8,0.8,0.5,1.1,1.5,0.6,0.8,0.1,0.2,0.3,1.0,0.9,2.2,-2.5,5.0,0,0,5.0,331,266,306,269,502,513,480,537,468,434,490,389,395,222,387,459,461,483,349,539,328,328,446,351,499,423,514,252,28,506,1
1642949,Yanic Konan Niederhäuser,Yanic Konan,1610612746,LAC,23.0,41,22,19,0.537,10.3,1.6,2.4,0.64,0.0,0.1,0.2,1.1,1.5,0.758,0.9,2.0,2.9,0.3,0.6,0.1,0.7,0.2,1.6,1.1,4.3,0.9,10.2,0,0,9.2,326,248,306,255,454,407,476,30,488,509,468,245,248,310,215,328,301,536,405,526,89,363,305,301,405,174,413,252,28,425,1
1642530,Yuki Kawamura,Yuki,1610612741,CHI,24.0,11,4,7,0.364,11.0,0.7,2.2,0.333,0.5,1.5,0.313,1.1,1.2,0.923,0.5,1.5,1.9,2.9,1.0,0.5,0.0,0.2,0.7,1.2,3.0,-0.2,10.3,0,0,9.4,469,471,457,402,439,520,495,521,392,401,362,253,308,43,392,401,412,143,254,341,510,416,497,281,461,269,408,252,28,419,1
1642274,Yves Missi,Yves,1610612740,NOP,21.0,61,19,42,0.311,19.1,2.3,4.3,0.536,0.0,0.0,0.0,0.8,1.4,0.565,2.8,3.0,5.8,1.3,0.8,0.3,1.5,0.4,1.7,1.1,5.4,-0.5,18.9,4,0,16.1,140,290,38,434,293,328,360,95,497,526,497,332,268,494,26,200,83,339,338,454,18,254,287,300,360,291,241,102,28,279,1
1642258,Zaccharie Risacher,Zaccharie,1610612737,ATL,20.0,60,34,26,0.567,23.2,3.8,8.4,0.453,1.5,4.0,0.369,0.9,1.4,0.634,1.1,2.9,3.9,1.2,0.9,0.9,0.6,0.5,2.2,1.1,9.9,-0.1,19.8,0,0,19.4,154,126,201,209,206,195,184,289,157,166,183,305,271,458,170,214,201,349,293,157,129,187,142,292,206,255,230,252,28,219,1
1628380,Zach Collins,Zach,1610612741,CHI,28.0,10,6,4,0.6,18.4,3.7,6.4,0.578,0.9,2.1,0.429,1.4,2.0,0.7,1.6,4.0,5.6,1.5,1.0,0.2,0.4,0.2,1.8,1.9,9.7,1.8,19.5,1,0,18.9,479,445,490,167,305,198,262,63,279,323,49,201,184,396,92,108,95,292,254,496,204,389,250,173,210,126,235,183,28,231,1
1641744,Zach Edey,Zach,1610612763,MEM,23.0,11,7,4,0.636,25.8,5.6,8.9,0.633,0.1,0.5,0.2,2.3,2.9,0.781,3.9,7.2,11.1,1.1,2.4,0.6,1.9,0.5,3.4,3.4,13.6,10.3,33.9,5,0,31.0,469,432,490,124,170,94,164,35,476,484,468,111,113,264,7,13,7,364,53,284,3,142,15,68,124,6,64,91,28,80,1
203897,Zach LaVine,Zach,1610612758,SAC,31.0,39,9,30,0.231,31.4,6.7,14.0,0.479,2.5,6.5,0.39,3.2,3.6,0.88,0.2,2.6,2.8,2.3,1.9,0.7,0.3,0.6,2.1,2.5,19.2,-7.9,27.0,0,0,28.7,339,414,130,498,59,56,55,203,40,46,116,68,77,79,502,243,312,203,92,239,306,109,176,118,53,560,132,252,28,108,1
1630192,Zeke Nnaji,Zeke,1610612743,DEN,25.0,48,34,14,0.708,12.0,1.4,2.9,0.471,0.3,1.0,0.265,0.7,0.9,0.773,0.6,2.0,2.6,0.5,0.5,0.4,0.4,0.4,1.3,0.8,3.7,-2.1,9.5,2,0,8.7,271,126,379,70,422,432,450,229,435,433,432,357,362,282,320,324,330,490,426,437,179,272,378,365,435,409,426,146,28,432,1
1630533,Ziaire Williams,Ziaire,1610612751,BKN,24.0,53,13,40,0.245,22.8,3.2,7.5,0.431,1.6,4.6,0.343,2.1,2.4,0.875,0.5,1.9,2.4,1.0,1.1,1.3,0.4,0.3,2.1,1.9,10.2,-4.7,18.7,0,0,18.6,233,370,45,490,213,229,212,369,139,129,258,122,152,86,355,341,358,371,245,46,223,306,169,171,198,517,243,252,28,236,1
1629627,Zion Williamson,Zion,1610612740,NOP,25.0,57,22,35,0.386,29.8,8.0,13.3,0.601,0.0,0.1,0.25,5.4,7.6,0.708,2.1,3.6,5.8,3.2,2.0,1.0,0.6,1.3,2.3,5.3,21.4,-0.8,35.9,6,0,33.5,194,248,79,392,91,26,70,46,495,514,437,20,9,386,49,136,82,125,79,110,123,3,127,15,31,319,50,78,28,62,1
1642389,Zyon Pullin,Zyon,1610612750,MIN,25.0,2,2,0,1.0,3.1,0.5,0.5,1.0,0.0,0.0,0.0,1.0,1.0,1.0,0.0,0.0,0.0,1.5,1.0,0.5,0.0,0.0,1.0,0.5,2.0,-2.0,4.8,0,0,4.5,552,504,563,1,565,535,566,1,497,528,497,270,339,1,542,559,563,292,254,356,510,516,446,435,508,400,520,252,28,516,1
